{"21178-3-0": {"orderid": 21178, "status": "collected", "type": "766-3", "price": 19, "changed": true, "perfid": "766", "id": "21178-3-0"}, "21346-3-0": {"orderid": 21346, "status": "collected", "perfid": "766", "price": 19, "changed": true, "type": "766-3", "id": "21346-3-0"}, "21116-3-0": {"orderid": 21116, "status": "collected", "perfid": "766", "price": 19, "changed": true, "type": "766-3", "id": "21116-3-0"}, "21361-1-0": {"orderid": 21361, "status": "collected", "perfid": "766", "price": 14.5, "changed": true, "type": "766-1", "id": "21361-1-0"}, "21149-4-0": {"orderid": 21149, "status": "collected", "type": "766-4", "price": 16.5, "changed": true, "perfid": "766", "id": "21149-4-0"}, "21142-3-0": {"orderid": 21142, "status": "collected", "perfid": "766", "price": 19, "changed": true, "type": "766-3", "id": "21142-3-0"}, "21062-5-0": {"orderid": 21062, "status": "collected", "type": "766-5", "price": 14.5, "changed": true, "perfid": "766", "id": "21062-5-0"}, "21314-2-0": {"orderid": 21314, "status": "collected", "type": "766-2", "price": 14.5, "changed": true, "perfid": "766", "id": "21314-2-0"}, "21261-3-1": {"orderid": 21261, "status": "collected", "type": "766-3", "price": 19, "changed": true, "perfid": "766", "id": "21261-3-1"}, "21258-0-1": {"orderid": 21258, "status": "collected", "type": "766-0", "price": 17, "changed": true, "perfid": "766", "id": "21258-0-1"}, "21260-1-0": {"orderid": 21260, "status": "collected", "perfid": "766", "price": 14.5, "changed": true, "type": "766-1", "id": "21260-1-0"}, "21163-2-0": {"orderid": 21163, "status": "collected", "type": "766-2", "price": 14.5, "changed": true, "perfid": "766", "id": "21163-2-0"}, "21277-5-0": {"orderid": 21277, "status": "collected", "type": "766-5", "price": 16.5, "changed": true, "perfid": "766", "id": "21277-5-0"}, "21338-0-0": {"orderid": 21338, "status": "collected", "type": "766-0", "price": 17, "changed": true, "perfid": "766", "id": "21338-0-0"}, "21286-0-0": {"orderid": 21286, "status": "collected", "perfid": "766", "price": 17, "changed": true, "type": "766-0", "id": "21286-0-0"}, "21275-0-0": {"orderid": 21275, "status": "collected", "type": "766-0", "price": 17, "changed": true, "perfid": "766", "id": "21275-0-0"}, "21275-0-1": {"orderid": 21275, "status": "collected", "type": "766-0", "price": 17, "changed": true, "perfid": "766", "id": "21275-0-1"}, "21334-0-0": {"orderid": 21334, "status": "collected", "perfid": "766", "price": 17, "changed": true, "type": "766-0", "id": "21334-0-0"}, "21334-0-1": {"orderid": 21334, "status": "collected", "perfid": "766", "price": 17, "changed": true, "type": "766-0", "id": "21334-0-1"}, "21236-1-0": {"orderid": 21236, "status": "collected", "perfid": "766", "price": 14.5, "changed": true, "type": "766-1", "id": "21236-1-0"}, "21236-1-1": {"orderid": 21236, "status": "collected", "perfid": "766", "price": 14.5, "changed": true, "type": "766-1", "id": "21236-1-1"}, "21102-3-0": {"orderid": 21102, "status": "collected", "type": "766-3", "price": 19, "changed": true, "perfid": "766", "id": "21102-3-0"}, "21102-3-1": {"orderid": 21102, "status": "collected", "type": "766-3", "price": 19, "changed": true, "perfid": "766", "id": "21102-3-1"}, "21178-3-1": {"orderid": 21178, "status": "collected", "type": "766-3", "price": 19, "changed": true, "perfid": "766", "id": "21178-3-1"}, "21062-3-0": {"orderid": 21062, "status": "collected", "type": "766-3", "price": 17, "changed": true, "perfid": "766", "id": "21062-3-0"}, "21350-0-0": {"orderid": 21350, "status": "collected", "perfid": "766", "price": 17, "changed": true, "type": "766-0", "id": "21350-0-0"}, "21350-0-1": {"orderid": 21350, "status": "collected", "perfid": "766", "price": 17, "changed": true, "type": "766-0", "id": "21350-0-1"}, "21288-2-0": {"orderid": 21288, "status": "collected", "type": "766-2", "price": 14.5, "changed": true, "perfid": "766", "id": "21288-2-0"}, "21259-0-1": {"orderid": 21259, "status": "collected", "type": "766-0", "price": 17, "changed": true, "perfid": "766", "id": "21259-0-1"}, "21359-0-1": {"orderid": 21359, "status": "collected", "type": "766-0", "price": 17, "changed": true, "perfid": "766", "id": "21359-0-1"}, "21359-0-0": {"orderid": 21359, "status": "collected", "type": "766-0", "price": 17, "changed": true, "perfid": "766", "id": "21359-0-0"}, "21259-0-0": {"orderid": 21259, "status": "collected", "type": "766-0", "price": 17, "changed": true, "perfid": "766", "id": "21259-0-0"}, "21242-1-0": {"orderid": 21242, "status": "collected", "perfid": "766", "price": 14.5, "changed": true, "type": "766-1", "id": "21242-1-0"}, "21227-3-0": {"orderid": 21227, "status": "collected", "perfid": "766", "price": 19, "changed": true, "type": "766-3", "id": "21227-3-0"}, "21250-0-0": {"orderid": 21250, "status": "collected", "type": "766-0", "price": 17, "changed": true, "perfid": "766", "id": "21250-0-0"}, "21241-3-10": {"orderid": 21241, "status": "collected", "perfid": "766", "price": 19, "changed": true, "type": "766-3", "id": "21241-3-10"}, "21241-3-11": {"orderid": 21241, "status": "collected", "perfid": "766", "price": 19, "changed": true, "type": "766-3", "id": "21241-3-11"}, "21109-0-0": {"orderid": 21109, "status": "collected", "perfid": "766", "price": 17, "changed": true, "type": "766-0", "id": "21109-0-0"}, "21123-3-1": {"orderid": 21123, "status": "collected", "type": "766-3", "price": 19, "changed": true, "perfid": "766", "id": "21123-3-1"}, "21241-3-8": {"orderid": 21241, "status": "collected", "perfid": "766", "price": 19, "changed": true, "type": "766-3", "id": "21241-3-8"}, "21241-3-9": {"orderid": 21241, "status": "collected", "perfid": "766", "price": 19, "changed": true, "type": "766-3", "id": "21241-3-9"}, "21142-5-0": {"orderid": 21142, "status": "collected", "type": "766-5", "price": 16.5, "changed": true, "perfid": "766", "id": "21142-5-0"}, "21261-3-0": {"orderid": 21261, "status": "collected", "type": "766-3", "price": 19, "changed": true, "perfid": "766", "id": "21261-3-0"}, "21241-3-4": {"orderid": 21241, "status": "collected", "perfid": "766", "price": 19, "changed": true, "type": "766-3", "id": "21241-3-4"}, "21356-0-0": {"orderid": 21356, "status": "collected", "perfid": "766", "price": 17, "changed": true, "type": "766-0", "id": "21356-0-0"}, "21241-3-0": {"orderid": 21241, "status": "collected", "perfid": "766", "price": 19, "changed": true, "type": "766-3", "id": "21241-3-0"}, "21241-3-1": {"orderid": 21241, "status": "collected", "perfid": "766", "price": 19, "changed": true, "type": "766-3", "id": "21241-3-1"}, "21241-3-2": {"orderid": 21241, "status": "collected", "perfid": "766", "price": 19, "changed": true, "type": "766-3", "id": "21241-3-2"}, "21241-3-3": {"orderid": 21241, "status": "collected", "perfid": "766", "price": 19, "changed": true, "type": "766-3", "id": "21241-3-3"}, "21361-0-0": {"orderid": 21361, "status": "collected", "perfid": "766", "price": 17, "changed": true, "type": "766-0", "id": "21361-0-0"}, "21241-3-5": {"orderid": 21241, "status": "collected", "perfid": "766", "price": 19, "changed": true, "type": "766-3", "id": "21241-3-5"}, "21241-3-6": {"orderid": 21241, "status": "collected", "perfid": "766", "price": 19, "changed": true, "type": "766-3", "id": "21241-3-6"}, "21241-3-7": {"orderid": 21241, "status": "collected", "perfid": "766", "price": 19, "changed": true, "type": "766-3", "id": "21241-3-7"}, "21143-3-1": {"orderid": 21143, "status": "collected", "type": "766-3", "price": 19, "changed": true, "perfid": "766", "id": "21143-3-1"}, "21223-1-0": {"orderid": 21223, "status": "collected", "perfid": "766", "price": 14.5, "changed": true, "type": "766-1", "id": "21223-1-0"}, "21123-3-0": {"orderid": 21123, "status": "collected", "type": "766-3", "price": 19, "changed": true, "perfid": "766", "id": "21123-3-0"}, "21361-1-1": {"orderid": 21361, "status": "collected", "perfid": "766", "price": 14.5, "changed": true, "type": "766-1", "id": "21361-1-1"}, "21107-0-0": {"orderid": 21107, "status": "collected", "perfid": "766", "price": 17, "changed": true, "type": "766-0", "id": "21107-0-0"}, "21143-3-0": {"orderid": 21143, "status": "collected", "type": "766-3", "price": 19, "changed": true, "perfid": "766", "id": "21143-3-0"}, "21311-0-1": {"orderid": 21311, "status": "collected", "perfid": "766", "price": 17, "changed": true, "type": "766-0", "id": "21311-0-1"}, "21258-0-0": {"orderid": 21258, "status": "collected", "type": "766-0", "price": 17, "changed": true, "perfid": "766", "id": "21258-0-0"}, "21361-1-3": {"orderid": 21361, "status": "collected", "perfid": "766", "price": 14.5, "changed": true, "type": "766-1", "id": "21361-1-3"}, "21361-1-2": {"orderid": 21361, "status": "collected", "perfid": "766", "price": 14.5, "changed": true, "type": "766-1", "id": "21361-1-2"}, "21361-1-4": {"orderid": 21361, "status": "collected", "perfid": "766", "price": 14.5, "changed": true, "type": "766-1", "id": "21361-1-4"}, "21190-0-0": {"orderid": 21190, "status": "collected", "perfid": "766", "price": 17, "changed": true, "type": "766-0", "id": "21190-0-0"}, "21190-0-1": {"orderid": 21190, "status": "collected", "perfid": "766", "price": 17, "changed": true, "type": "766-0", "id": "21190-0-1"}, "21291-1-0": {"orderid": 21291, "status": "collected", "type": "766-1", "price": 14.5, "changed": true, "perfid": "766", "id": "21291-1-0"}, "21356-0-1": {"orderid": 21356, "status": "collected", "perfid": "766", "price": 17, "changed": true, "type": "766-0", "id": "21356-0-1"}, "21304-2-0": {"orderid": 21304, "status": "collected", "perfid": "766", "price": 14.5, "changed": true, "type": "766-2", "id": "21304-2-0"}, "21311-0-0": {"orderid": 21311, "status": "collected", "perfid": "766", "price": 17, "changed": true, "type": "766-0", "id": "21311-0-0"}, "21149-3-0": {"orderid": 21149, "status": "collected", "type": "766-3", "price": 19, "changed": true, "perfid": "766", "id": "21149-3-0"}, "21293-3-1": {"orderid": 21293, "status": "collected", "perfid": "766", "price": 19, "changed": true, "type": "766-3", "id": "21293-3-1"}, "21293-3-0": {"orderid": 21293, "status": "collected", "perfid": "766", "price": 19, "changed": true, "type": "766-3", "id": "21293-3-0"}}