{"21135-3-0": {"orderid": 21135, "status": "collected", "perfid": "767", "price": 19, "changed": true, "type": "767-3", "id": "21135-3-0"}, "21135-3-1": {"orderid": 21135, "status": "collected", "perfid": "767", "price": 19, "changed": true, "type": "767-3", "id": "21135-3-1"}, "21175-0-0": {"orderid": 21175, "status": "collected", "perfid": "767", "price": 17, "changed": true, "type": "767-0", "id": "21175-0-0"}, "21235-1-1": {"orderid": 21235, "status": "collected", "type": "767-1", "price": 14.5, "changed": true, "perfid": "767", "id": "21235-1-1"}, "21339-0-0": {"orderid": 21339, "status": "collected", "type": "767-0", "price": 17, "changed": true, "perfid": "767", "id": "21339-0-0"}, "21386-1-0": {"orderid": 21386, "status": "collected", "type": "767-1", "price": 14.5, "changed": true, "perfid": "767", "id": "21386-1-0"}, "21383-0-1": {"orderid": 21383, "status": "collected", "perfid": "767", "price": 17, "changed": true, "type": "767-0", "id": "21383-0-1"}, "21220-3-1": {"orderid": 21220, "status": "collected", "type": "767-3", "price": 19, "changed": true, "perfid": "767", "id": "21220-3-1"}, "21220-3-0": {"orderid": 21220, "status": "collected", "type": "767-3", "price": 19, "changed": true, "perfid": "767", "id": "21220-3-0"}, "21340-0-0": {"orderid": 21340, "status": "collected", "perfid": "767", "price": 17, "changed": true, "type": "767-0", "id": "21340-0-0"}, "local-767-91249": {"orderid": "local", "status": "collected", "perfid": 767, "price": 17, "changed": true, "type": "767-0", "id": "local-767-91249"}, "21372-3-0": {"orderid": 21372, "status": "collected", "type": "767-3", "price": 19, "changed": true, "perfid": "767", "id": "21372-3-0"}, "21386-0-1": {"orderid": 21386, "status": "collected", "type": "767-0", "price": 17, "changed": true, "perfid": "767", "id": "21386-0-1"}, "21386-0-0": {"orderid": 21386, "status": "collected", "type": "767-0", "price": 17, "changed": true, "perfid": "767", "id": "21386-0-0"}, "21165-0-0": {"orderid": 21165, "status": "collected", "perfid": "767", "price": 17, "changed": true, "type": "767-0", "id": "21165-0-0"}, "21374-0-1": {"orderid": 21374, "status": "collected", "perfid": "767", "price": 17, "changed": true, "type": "767-0", "id": "21374-0-1"}, "21211-0-0": {"orderid": 21211, "status": "collected", "type": "767-0", "price": 17, "changed": true, "perfid": "767", "id": "21211-0-0"}, "21374-0-0": {"orderid": 21374, "status": "collected", "perfid": "767", "price": 17, "changed": true, "type": "767-0", "id": "21374-0-0"}, "21124-3-0": {"orderid": 21124, "status": "collected", "type": "767-3", "price": 19, "changed": true, "perfid": "767", "id": "21124-3-0"}, "21124-3-1": {"orderid": 21124, "status": "uncollected", "type": "767-3", "price": 19, "changed": true, "perfid": "767", "id": "21124-3-1"}, "21378-0-0": {"orderid": 21378, "status": "collected", "perfid": "767", "price": 17, "changed": true, "type": "767-0", "id": "21378-0-0"}, "21378-0-1": {"orderid": 21378, "status": "collected", "perfid": "767", "price": 17, "changed": true, "type": "767-0", "id": "21378-0-1"}, "21364-0-0": {"orderid": 21364, "status": "collected", "type": "767-0", "price": 17, "changed": true, "perfid": "767", "id": "21364-0-0"}, "21197-1-0": {"orderid": 21197, "status": "collected", "perfid": "767", "price": 14.5, "changed": true, "type": "767-1", "id": "21197-1-0"}, "21243-0-0": {"orderid": 21243, "status": "collected", "type": "767-0", "price": 17, "changed": true, "perfid": "767", "id": "21243-0-0"}, "21379-0-1": {"orderid": 21379, "status": "collected", "perfid": "767", "price": 17, "changed": true, "type": "767-0", "id": "21379-0-1"}, "21379-0-0": {"orderid": 21379, "status": "collected", "perfid": "767", "price": 17, "changed": true, "type": "767-0", "id": "21379-0-0"}, "21376-0-0": {"orderid": 21376, "status": "collected", "type": "767-0", "price": 17, "changed": true, "perfid": "767", "id": "21376-0-0"}, "21376-0-1": {"orderid": 21376, "status": "collected", "type": "767-0", "price": 17, "changed": true, "perfid": "767", "id": "21376-0-1"}, "21383-0-0": {"orderid": 21383, "status": "collected", "perfid": "767", "price": 17, "changed": true, "type": "767-0", "id": "21383-0-0"}, "21235-1-0": {"orderid": 21235, "status": "collected", "type": "767-1", "price": 14.5, "changed": true, "perfid": "767", "id": "21235-1-0"}, "21306-0-0": {"orderid": 21306, "status": "collected", "type": "767-0", "price": 17, "changed": true, "perfid": "767", "id": "21306-0-0"}, "21380-0-1": {"orderid": 21380, "status": "collected", "type": "767-0", "price": 17, "changed": true, "perfid": "767", "id": "21380-0-1"}, "21380-0-0": {"orderid": 21380, "status": "collected", "type": "767-0", "price": 17, "changed": true, "perfid": "767", "id": "21380-0-0"}, "21120-3-0": {"orderid": 21120, "status": "collected", "perfid": "767", "price": 19, "changed": true, "type": "767-3", "id": "21120-3-0"}, "21115-0-2": {"orderid": 21115, "status": "collected", "perfid": "767", "price": 17, "changed": true, "type": "767-0", "id": "21115-0-2"}, "21115-0-1": {"orderid": 21115, "status": "collected", "perfid": "767", "price": 17, "changed": true, "type": "767-0", "id": "21115-0-1"}, "21115-0-0": {"orderid": 21115, "status": "collected", "perfid": "767", "price": 17, "changed": true, "type": "767-0", "id": "21115-0-0"}, "21182-3-0": {"orderid": 21182, "status": "collected", "type": "767-3", "price": 19, "changed": true, "perfid": "767", "id": "21182-3-0"}, "21182-3-1": {"orderid": 21182, "status": "collected", "type": "767-3", "price": 19, "changed": true, "perfid": "767", "id": "21182-3-1"}, "local-767-43930": {"orderid": "local", "status": "collected", "type": "767-1", "price": 14.5, "changed": true, "perfid": 767, "id": "local-767-43930"}, "21168-2-0": {"orderid": 21168, "status": "collected", "type": "767-2", "price": 14.5, "changed": true, "perfid": "767", "id": "21168-2-0"}, "21385-0-0": {"orderid": 21385, "status": "collected", "perfid": "767", "price": 17, "changed": true, "type": "767-0", "id": "21385-0-0"}, "21164-2-0": {"orderid": 21164, "status": "collected", "type": "767-2", "price": 14.5, "changed": true, "perfid": "767", "id": "21164-2-0"}, "21381-0-0": {"orderid": 21381, "status": "collected", "type": "767-0", "price": 17, "changed": true, "perfid": "767", "id": "21381-0-0"}, "21381-0-1": {"orderid": 21381, "status": "collected", "type": "767-0", "price": 17, "changed": true, "perfid": "767", "id": "21381-0-1"}, "local-767-61588": {"orderid": "local", "status": "collected", "type": "767-1", "price": 14.5, "changed": true, "perfid": 767, "id": "local-767-61588"}, "21363-1-0": {"orderid": 21363, "status": "collected", "perfid": "767", "price": 14.5, "changed": true, "type": "767-1", "id": "21363-1-0"}, "21371-0-0": {"orderid": 21371, "status": "collected", "type": "767-0", "price": 17, "changed": true, "perfid": "767", "id": "21371-0-0"}, "21390-0-0": {"orderid": 21390, "status": "collected", "perfid": "767", "price": 17, "changed": true, "type": "767-0", "id": "21390-0-0"}, "21342-0-0": {"orderid": 21342, "status": "collected", "perfid": "767", "price": 17, "changed": true, "type": "767-0", "id": "21342-0-0"}, "21388-1-0": {"orderid": 21388, "status": "collected", "perfid": "767", "price": 14.5, "changed": true, "type": "767-1", "id": "21388-1-0"}, "21388-1-1": {"orderid": 21388, "status": "collected", "perfid": "767", "price": 14.5, "changed": true, "type": "767-1", "id": "21388-1-1"}, "21133-3-0": {"orderid": 21133, "status": "collected", "type": "767-3", "price": 19, "changed": true, "perfid": "767", "id": "21133-3-0"}, "21133-3-1": {"orderid": 21133, "status": "collected", "type": "767-3", "price": 19, "changed": true, "perfid": "767", "id": "21133-3-1"}, "21180-3-0": {"orderid": 21180, "status": "collected", "perfid": "767", "price": 19, "changed": true, "type": "767-3", "id": "21180-3-0"}, "21177-0-0": {"orderid": 21177, "status": "collected", "perfid": "767", "price": 17, "changed": true, "type": "767-0", "id": "21177-0-0"}, "21377-0-0": {"orderid": 21377, "status": "collected", "perfid": "767", "price": 17, "changed": true, "type": "767-0", "id": "21377-0-0"}, "21171-3-0": {"orderid": 21171, "status": "collected", "type": "767-3", "price": 19, "changed": true, "perfid": "767", "id": "21171-3-0"}, "21171-3-1": {"orderid": 21171, "status": "collected", "type": "767-3", "price": 19, "changed": true, "perfid": "767", "id": "21171-3-1"}, "21375-0-0": {"orderid": 21375, "status": "collected", "type": "767-0", "price": 17, "changed": true, "perfid": "767", "id": "21375-0-0"}, "21276-0-1": {"orderid": 21276, "status": "uncollected", "type": "767-0", "price": 17, "changed": true, "perfid": "767", "id": "21276-0-1"}, "21276-0-0": {"orderid": 21276, "status": "collected", "type": "767-0", "price": 17, "changed": true, "perfid": "767", "id": "21276-0-0"}, "21200-3-1": {"orderid": 21200, "status": "collected", "type": "767-3", "price": 19, "changed": true, "perfid": "767", "id": "21200-3-1"}, "21200-3-0": {"orderid": 21200, "status": "collected", "type": "767-3", "price": 19, "changed": true, "perfid": "767", "id": "21200-3-0"}, "21211-1-0": {"orderid": 21211, "status": "collected", "type": "767-1", "price": 14.5, "changed": true, "perfid": "767", "id": "21211-1-0"}, "21384-0-0": {"orderid": 21384, "status": "collected", "perfid": "767", "price": 17, "changed": true, "type": "767-0", "id": "21384-0-0"}, "21382-0-1": {"orderid": 21382, "status": "collected", "perfid": "767", "price": 17, "changed": true, "type": "767-0", "id": "21382-0-1"}, "21382-0-0": {"orderid": 21382, "status": "collected", "perfid": "767", "price": 17, "changed": true, "type": "767-0", "id": "21382-0-0"}, "21309-5-0": {"orderid": 21309, "status": "collected", "perfid": "767", "price": 16.5, "changed": true, "type": "767-5", "id": "21309-5-0"}}