{"21397-0-0": {"orderid": 21397, "status": "collected", "perfid": "768", "price": 17, "changed": true, "type": "768-0", "id": "21397-0-0"}, "21308-2-0": {"orderid": 21308, "status": "collected", "perfid": "768", "price": 14.5, "changed": true, "type": "768-2", "id": "21308-2-0"}, "21392-0-0": {"orderid": 21392, "status": "collected", "type": "768-0", "price": 17, "changed": true, "perfid": "768", "id": "21392-0-0"}, "21185-3-0": {"orderid": 21185, "status": "collected", "perfid": "768", "price": 19, "changed": true, "type": "768-3", "id": "21185-3-0"}, "21263-4-1": {"orderid": 21263, "status": "collected", "perfid": "768", "price": 16.5, "changed": true, "type": "768-4", "id": "21263-4-1"}, "21410-5-0": {"orderid": 21410, "status": "collected", "perfid": "768", "price": 16.5, "changed": true, "type": "768-5", "id": "21410-5-0"}, "21396-0-1": {"orderid": 21396, "status": "collected", "type": "768-0", "price": 17, "changed": true, "perfid": "768", "id": "21396-0-1"}, "21128-3-0": {"orderid": 21128, "status": "collected", "perfid": "768", "price": 19, "changed": true, "type": "768-3", "id": "21128-3-0"}, "21128-3-1": {"orderid": 21128, "status": "collected", "perfid": "768", "price": 19, "changed": true, "type": "768-3", "id": "21128-3-1"}, "21203-3-1": {"orderid": 21203, "status": "collected", "perfid": "768", "price": 19, "changed": true, "type": "768-3", "id": "21203-3-1"}, "21298-0-1": {"orderid": 21298, "status": "collected", "type": "768-0", "price": 17, "changed": true, "perfid": "768", "id": "21298-0-1"}, "21201-0-1": {"orderid": 21201, "status": "collected", "type": "768-0", "price": 17, "changed": true, "perfid": "768", "id": "21201-0-1"}, "21201-0-0": {"orderid": 21201, "status": "collected", "type": "768-0", "price": 17, "changed": true, "perfid": "768", "id": "21201-0-0"}, "21287-0-1": {"orderid": 21287, "status": "collected", "type": "768-0", "price": 17, "changed": true, "perfid": "768", "id": "21287-0-1"}, "21287-0-0": {"orderid": 21287, "status": "collected", "type": "768-0", "price": 17, "changed": true, "perfid": "768", "id": "21287-0-0"}, "21398-3-0": {"orderid": 21398, "status": "collected", "type": "768-3", "price": 19, "changed": true, "perfid": "768", "id": "21398-3-0"}, "21185-4-0": {"orderid": 21185, "status": "collected", "perfid": "768", "price": 16.5, "changed": true, "type": "768-4", "id": "21185-4-0"}, "21417-2-0": {"orderid": 21417, "status": "collected", "perfid": "768", "price": 14.5, "changed": true, "type": "768-2", "id": "21417-2-0"}, "21263-4-0": {"orderid": 21263, "status": "collected", "perfid": "768", "price": 16.5, "changed": true, "type": "768-4", "id": "21263-4-0"}, "21292-3-0": {"orderid": 21292, "status": "collected", "perfid": "768", "price": 19, "changed": true, "type": "768-3", "id": "21292-3-0"}, "21292-3-1": {"orderid": 21292, "status": "collected", "perfid": "768", "price": 19, "changed": true, "type": "768-3", "id": "21292-3-1"}, "21252-1-0": {"orderid": 21252, "status": "collected", "type": "768-1", "price": 14.5, "changed": true, "perfid": "768", "id": "21252-1-0"}, "21252-1-1": {"orderid": 21252, "status": "collected", "type": "768-1", "price": 14.5, "changed": true, "perfid": "768", "id": "21252-1-1"}, "21192-4-0": {"orderid": 21192, "status": "collected", "perfid": "768", "price": 16.5, "changed": true, "type": "768-4", "id": "21192-4-0"}, "21192-3-3": {"orderid": 21192, "status": "collected", "perfid": "768", "price": 19, "changed": true, "type": "768-3", "id": "21192-3-3"}, "21192-3-2": {"orderid": 21192, "status": "collected", "perfid": "768", "price": 19, "changed": true, "type": "768-3", "id": "21192-3-2"}, "21192-3-1": {"orderid": 21192, "status": "collected", "perfid": "768", "price": 19, "changed": true, "type": "768-3", "id": "21192-3-1"}, "21192-3-0": {"orderid": 21192, "status": "collected", "perfid": "768", "price": 19, "changed": true, "type": "768-3", "id": "21192-3-0"}, "21134-0-0": {"orderid": 21134, "status": "collected", "type": "768-0", "price": 17, "changed": true, "perfid": "768", "id": "21134-0-0"}, "21202-0-0": {"orderid": 21202, "status": "collected", "type": "768-0", "price": 17, "changed": true, "perfid": "768", "id": "21202-0-0"}, "21396-0-0": {"orderid": 21396, "status": "collected", "type": "768-0", "price": 17, "changed": true, "perfid": "768", "id": "21396-0-0"}, "21141-3-0": {"orderid": 21141, "status": "collected", "type": "768-3", "price": 19, "changed": true, "perfid": "768", "id": "21141-3-0"}, "21273-4-0": {"orderid": 21273, "status": "collected", "perfid": "768", "price": 16.5, "changed": true, "type": "768-4", "id": "21273-4-0"}, "21086-3-0": {"orderid": 21086, "status": "collected", "type": "768-3", "price": 17, "changed": true, "perfid": "768", "id": "21086-3-0"}, "21274-5-0": {"orderid": 21274, "status": "collected", "perfid": "768", "price": 16.5, "changed": true, "type": "768-5", "id": "21274-5-0"}, "21086-3-2": {"orderid": 21086, "status": "collected", "type": "768-3", "price": 17, "changed": true, "perfid": "768", "id": "21086-3-2"}, "21273-4-4": {"orderid": 21273, "status": "collected", "perfid": "768", "price": 16.5, "changed": true, "type": "768-4", "id": "21273-4-4"}, "21273-4-5": {"orderid": 21273, "status": "collected", "perfid": "768", "price": 16.5, "changed": true, "type": "768-4", "id": "21273-4-5"}, "21134-1-0": {"orderid": 21134, "status": "collected", "type": "768-1", "price": 14.5, "changed": true, "perfid": "768", "id": "21134-1-0"}, "21203-3-0": {"orderid": 21203, "status": "collected", "perfid": "768", "price": 19, "changed": true, "type": "768-3", "id": "21203-3-0"}, "21349-0-0": {"orderid": 21349, "status": "collected", "perfid": "768", "price": 17, "changed": true, "type": "768-0", "id": "21349-0-0"}, "21358-0-0": {"orderid": 21358, "status": "collected", "type": "768-0", "price": 17, "changed": true, "perfid": "768", "id": "21358-0-0"}, "21305-0-0": {"orderid": 21305, "status": "collected", "perfid": "768", "price": 17, "changed": true, "type": "768-0", "id": "21305-0-0"}, "21263-3-0": {"orderid": 21263, "status": "collected", "perfid": "768", "price": 19, "changed": true, "type": "768-3", "id": "21263-3-0"}, "21086-3-1": {"orderid": 21086, "status": "collected", "type": "768-3", "price": 17, "changed": true, "perfid": "768", "id": "21086-3-1"}, "21341-0-0": {"orderid": 21341, "status": "collected", "type": "768-0", "price": 17, "changed": true, "perfid": "768", "id": "21341-0-0"}, "21341-0-1": {"orderid": 21341, "status": "collected", "type": "768-0", "price": 17, "changed": true, "perfid": "768", "id": "21341-0-1"}, "21273-4-1": {"orderid": 21273, "status": "collected", "perfid": "768", "price": 16.5, "changed": true, "type": "768-4", "id": "21273-4-1"}, "21273-4-2": {"orderid": 21273, "status": "collected", "perfid": "768", "price": 16.5, "changed": true, "type": "768-4", "id": "21273-4-2"}, "21166-1-0": {"orderid": 21166, "status": "collected", "type": "768-1", "price": 14.5, "changed": true, "perfid": "768", "id": "21166-1-0"}, "21166-1-1": {"orderid": 21166, "status": "collected", "type": "768-1", "price": 14.5, "changed": true, "perfid": "768", "id": "21166-1-1"}, "21166-1-2": {"orderid": 21166, "status": "collected", "type": "768-1", "price": 14.5, "changed": true, "perfid": "768", "id": "21166-1-2"}, "21273-3-0": {"orderid": 21273, "status": "collected", "perfid": "768", "price": 19, "changed": true, "type": "768-3", "id": "21273-3-0"}, "21194-3-1": {"orderid": 21194, "status": "collected", "perfid": "768", "price": 19, "changed": true, "type": "768-3", "id": "21194-3-1"}, "21194-3-0": {"orderid": 21194, "status": "collected", "perfid": "768", "price": 19, "changed": true, "type": "768-3", "id": "21194-3-0"}, "21050-4-1": {"orderid": 21050, "status": "collected", "perfid": "768", "price": 14.5, "changed": true, "type": "768-4", "id": "21050-4-1"}, "21050-4-0": {"orderid": 21050, "status": "collected", "perfid": "768", "price": 14.5, "changed": true, "type": "768-4", "id": "21050-4-0"}, "21240-1-1": {"orderid": 21240, "status": "collected", "perfid": "768", "price": 14.5, "changed": true, "type": "768-1", "id": "21240-1-1"}, "21263-3-1": {"orderid": 21263, "status": "collected", "perfid": "768", "price": 19, "changed": true, "type": "768-3", "id": "21263-3-1"}, "21140-0-1": {"orderid": 21140, "status": "collected", "type": "768-0", "price": 17, "changed": true, "perfid": "768", "id": "21140-0-1"}, "21140-0-0": {"orderid": 21140, "status": "collected", "type": "768-0", "price": 17, "changed": true, "perfid": "768", "id": "21140-0-0"}, "21240-1-0": {"orderid": 21240, "status": "collected", "perfid": "768", "price": 14.5, "changed": true, "type": "768-1", "id": "21240-1-0"}, "21305-2-0": {"orderid": 21305, "status": "collected", "perfid": "768", "price": 14.5, "changed": true, "type": "768-2", "id": "21305-2-0"}, "21298-0-0": {"orderid": 21298, "status": "collected", "type": "768-0", "price": 17, "changed": true, "perfid": "768", "id": "21298-0-0"}, "21111-0-0": {"orderid": 21111, "status": "collected", "type": "768-0", "price": 17, "changed": true, "perfid": "768", "id": "21111-0-0"}, "21138-0-0": {"orderid": 21138, "status": "collected", "type": "768-0", "price": 17, "changed": true, "perfid": "768", "id": "21138-0-0"}, "21283-0-0": {"orderid": 21283, "status": "collected", "type": "768-0", "price": 17, "changed": true, "perfid": "768", "id": "21283-0-0"}, "21411-0-0": {"orderid": 21411, "status": "collected", "type": "768-0", "price": 17, "changed": true, "perfid": "768", "id": "21411-0-0"}, "21365-0-0": {"orderid": 21365, "status": "collected", "perfid": "768", "price": 17, "changed": true, "type": "768-0", "id": "21365-0-0"}, "21273-4-3": {"orderid": 21273, "status": "collected", "perfid": "768", "price": 16.5, "changed": true, "type": "768-4", "id": "21273-4-3"}, "21296-1-0": {"orderid": 21296, "status": "collected", "perfid": "768", "price": 14.5, "changed": true, "type": "768-1", "id": "21296-1-0"}, "21296-1-1": {"orderid": 21296, "status": "collected", "perfid": "768", "price": 14.5, "changed": true, "type": "768-1", "id": "21296-1-1"}}