{"21336-0-0": {"orderid": 21336, "status": "collected", "type": "769-0", "price": 17, "changed": true, "perfid": "769", "id": "21336-0-0"}, "21435-0-0": {"orderid": 21435, "status": "collected", "perfid": "769", "price": 17, "changed": true, "type": "769-0", "id": "21435-0-0"}, "21435-0-1": {"orderid": 21435, "status": "collected", "perfid": "769", "price": 17, "changed": true, "type": "769-0", "id": "21435-0-1"}, "21187-1-0": {"orderid": 21187, "status": "collected", "type": "769-1", "price": 14.5, "changed": true, "perfid": "769", "id": "21187-1-0"}, "21216-2-1": {"orderid": 21216, "status": "collected", "perfid": "769", "price": 14.5, "changed": true, "type": "769-2", "id": "21216-2-1"}, "21216-2-0": {"orderid": 21216, "status": "collected", "perfid": "769", "price": 14.5, "changed": true, "type": "769-2", "id": "21216-2-0"}, "21366-3-0": {"orderid": 21366, "status": "collected", "perfid": "769", "price": 19, "changed": true, "type": "769-3", "id": "21366-3-0"}, "21426-0-0": {"orderid": 21426, "status": "collected", "type": "769-0", "price": 17, "changed": true, "perfid": "769", "id": "21426-0-0"}, "21281-0-1": {"orderid": 21281, "status": "collected", "type": "769-0", "price": 17, "changed": true, "perfid": "769", "id": "21281-0-1"}, "21281-0-0": {"orderid": 21281, "status": "collected", "type": "769-0", "price": 17, "changed": true, "perfid": "769", "id": "21281-0-0"}, "21191-1-0": {"orderid": 21191, "status": "collected", "type": "769-1", "price": 14.5, "changed": true, "perfid": "769", "id": "21191-1-0"}, "21191-1-1": {"orderid": 21191, "status": "collected", "type": "769-1", "price": 14.5, "changed": true, "perfid": "769", "id": "21191-1-1"}, "21419-0-0": {"orderid": 21419, "status": "collected", "type": "769-0", "price": 17, "changed": true, "perfid": "769", "id": "21419-0-0"}, "21419-0-1": {"orderid": 21419, "status": "collected", "type": "769-0", "price": 17, "changed": true, "perfid": "769", "id": "21419-0-1"}, "21290-4-1": {"orderid": 21290, "status": "collected", "perfid": "769", "price": 16.5, "changed": true, "type": "769-4", "id": "21290-4-1"}, "21290-4-0": {"orderid": 21290, "status": "collected", "perfid": "769", "price": 16.5, "changed": true, "type": "769-4", "id": "21290-4-0"}, "21433-0-0": {"orderid": 21433, "status": "collected", "type": "769-0", "price": 17, "changed": true, "perfid": "769", "id": "21433-0-0"}, "21433-0-1": {"orderid": 21433, "status": "collected", "type": "769-0", "price": 17, "changed": true, "perfid": "769", "id": "21433-0-1"}, "21437-0-0": {"orderid": 21437, "status": "collected", "perfid": "769", "price": 17, "changed": true, "type": "769-0", "id": "21437-0-0"}, "local-769-77063": {"orderid": "local", "status": "collected", "perfid": 769, "price": 17, "changed": true, "type": "769-0", "id": "local-769-77063"}, "21436-0-0": {"orderid": 21436, "status": "collected", "type": "769-0", "price": 17, "changed": true, "perfid": "769", "id": "21436-0-0"}, "local-769-49583": {"orderid": "local", "status": "collected", "perfid": 769, "price": 14.5, "changed": true, "type": "769-1", "id": "local-769-49583"}, "21368-0-0": {"orderid": 21368, "status": "collected", "perfid": "769", "price": 17, "changed": true, "type": "769-0", "id": "21368-0-0"}, "21425-0-3": {"orderid": 21425, "status": "collected", "type": "769-0", "price": 17, "changed": true, "perfid": "769", "id": "21425-0-3"}, "21370-0-0": {"orderid": 21370, "status": "collected", "perfid": "769", "price": 17, "changed": true, "type": "769-0", "id": "21370-0-0"}, "21370-0-1": {"orderid": 21370, "status": "collected", "perfid": "769", "price": 17, "changed": true, "type": "769-0", "id": "21370-0-1"}, "21065-4-3": {"orderid": 21065, "status": "collected", "type": "769-4", "price": 14.5, "changed": true, "perfid": "769", "id": "21065-4-3"}, "21065-4-2": {"orderid": 21065, "status": "collected", "type": "769-4", "price": 14.5, "changed": true, "perfid": "769", "id": "21065-4-2"}, "21065-4-1": {"orderid": 21065, "status": "collected", "type": "769-4", "price": 14.5, "changed": true, "perfid": "769", "id": "21065-4-1"}, "21065-4-0": {"orderid": 21065, "status": "collected", "type": "769-4", "price": 14.5, "changed": true, "perfid": "769", "id": "21065-4-0"}, "21434-0-0": {"orderid": 21434, "status": "collected", "type": "769-0", "price": 17, "changed": true, "perfid": "769", "id": "21434-0-0"}, "21369-0-0": {"orderid": 21369, "status": "collected", "type": "769-0", "price": 17, "changed": true, "perfid": "769", "id": "21369-0-0"}, "21425-0-2": {"orderid": 21425, "status": "collected", "type": "769-0", "price": 17, "changed": true, "perfid": "769", "id": "21425-0-2"}, "21425-0-1": {"orderid": 21425, "status": "collected", "type": "769-0", "price": 17, "changed": true, "perfid": "769", "id": "21425-0-1"}, "21425-0-0": {"orderid": 21425, "status": "collected", "type": "769-0", "price": 17, "changed": true, "perfid": "769", "id": "21425-0-0"}, "21136-1-1": {"orderid": 21136, "status": "collected", "perfid": "769", "price": 14.5, "changed": true, "type": "769-1", "id": "21136-1-1"}, "21136-1-0": {"orderid": 21136, "status": "collected", "perfid": "769", "price": 14.5, "changed": true, "type": "769-1", "id": "21136-1-0"}, "21432-0-0": {"orderid": 21432, "status": "collected", "perfid": "769", "price": 17, "changed": true, "type": "769-0", "id": "21432-0-0"}, "21427-0-0": {"orderid": 21427, "status": "collected", "type": "769-0", "price": 17, "changed": true, "perfid": "769", "id": "21427-0-0"}, "21424-3-1": {"orderid": 21424, "status": "collected", "perfid": "769", "price": 19, "changed": true, "type": "769-3", "id": "21424-3-1"}, "21424-3-0": {"orderid": 21424, "status": "collected", "perfid": "769", "price": 19, "changed": true, "type": "769-3", "id": "21424-3-0"}, "21006-4-0": {"orderid": 21006, "status": "collected", "perfid": "769", "price": 14.5, "changed": true, "type": "769-4", "id": "21006-4-0"}, "21006-4-1": {"orderid": 21006, "status": "collected", "perfid": "769", "price": 14.5, "changed": true, "type": "769-4", "id": "21006-4-1"}, "21299-3-0": {"orderid": 21299, "status": "collected", "perfid": "769", "price": 19, "changed": true, "type": "769-3", "id": "21299-3-0"}, "21393-3-0": {"orderid": 21393, "status": "collected", "type": "769-3", "price": 19, "changed": true, "perfid": "769", "id": "21393-3-0"}, "21336-1-0": {"orderid": 21336, "status": "collected", "type": "769-1", "price": 14.5, "changed": true, "perfid": "769", "id": "21336-1-0"}, "21231-3-1": {"orderid": 21231, "status": "collected", "perfid": "769", "price": 19, "changed": true, "type": "769-3", "id": "21231-3-1"}, "21231-3-0": {"orderid": 21231, "status": "collected", "perfid": "769", "price": 19, "changed": true, "type": "769-3", "id": "21231-3-0"}, "21395-0-0": {"orderid": 21395, "status": "collected", "type": "769-0", "price": 17, "changed": true, "perfid": "769", "id": "21395-0-0"}, "21119-1-0": {"orderid": 21119, "status": "collected", "type": "769-1", "price": 14.5, "changed": true, "perfid": "769", "id": "21119-1-0"}, "21176-1-1": {"orderid": 21176, "status": "collected", "type": "769-1", "price": 14.5, "changed": true, "perfid": "769", "id": "21176-1-1"}, "21176-1-0": {"orderid": 21176, "status": "collected", "type": "769-1", "price": 14.5, "changed": true, "perfid": "769", "id": "21176-1-0"}, "21406-5-0": {"orderid": 21406, "status": "collected", "perfid": "769", "price": 16.5, "changed": true, "type": "769-5", "id": "21406-5-0"}, "21429-0-3": {"orderid": 21429, "status": "collected", "type": "769-0", "price": 17, "changed": true, "perfid": "769", "id": "21429-0-3"}, "21429-0-2": {"orderid": 21429, "status": "collected", "type": "769-0", "price": 17, "changed": true, "perfid": "769", "id": "21429-0-2"}, "21429-0-1": {"orderid": 21429, "status": "collected", "type": "769-0", "price": 17, "changed": true, "perfid": "769", "id": "21429-0-1"}, "21429-0-0": {"orderid": 21429, "status": "collected", "type": "769-0", "price": 17, "changed": true, "perfid": "769", "id": "21429-0-0"}, "21394-0-0": {"orderid": 21394, "status": "collected", "perfid": "769", "price": 17, "changed": true, "type": "769-0", "id": "21394-0-0"}, "21083-4-1": {"orderid": 21083, "status": "collected", "perfid": "769", "price": 14.5, "changed": true, "type": "769-4", "id": "21083-4-1"}, "21083-4-0": {"orderid": 21083, "status": "collected", "perfid": "769", "price": 14.5, "changed": true, "type": "769-4", "id": "21083-4-0"}, "21430-0-0": {"orderid": 21430, "status": "collected", "type": "769-0", "price": 17, "changed": true, "perfid": "769", "id": "21430-0-0"}, "21006-4-2": {"orderid": 21006, "status": "collected", "perfid": "769", "price": 14.5, "changed": true, "type": "769-4", "id": "21006-4-2"}, "21431-0-0": {"orderid": 21431, "status": "collected", "perfid": "769", "price": 17, "changed": true, "type": "769-0", "id": "21431-0-0"}, "21431-0-1": {"orderid": 21431, "status": "collected", "perfid": "769", "price": 17, "changed": true, "type": "769-0", "id": "21431-0-1"}, "21279-2-0": {"orderid": 21279, "status": "collected", "type": "769-2", "price": 14.5, "changed": true, "perfid": "769", "id": "21279-2-0"}, "21279-2-1": {"orderid": 21279, "status": "collected", "type": "769-2", "price": 14.5, "changed": true, "perfid": "769", "id": "21279-2-1"}, "21217-1-2": {"orderid": 21217, "status": "collected", "perfid": "769", "price": 14.5, "changed": true, "type": "769-1", "id": "21217-1-2"}, "21217-1-1": {"orderid": 21217, "status": "collected", "perfid": "769", "price": 14.5, "changed": true, "type": "769-1", "id": "21217-1-1"}, "21217-1-0": {"orderid": 21217, "status": "collected", "perfid": "769", "price": 14.5, "changed": true, "type": "769-1", "id": "21217-1-0"}, "21233-3-1": {"orderid": 21233, "status": "collected", "type": "769-3", "price": 19, "changed": true, "perfid": "769", "id": "21233-3-1"}, "21233-3-0": {"orderid": 21233, "status": "collected", "type": "769-3", "price": 19, "changed": true, "perfid": "769", "id": "21233-3-0"}, "21407-0-1": {"orderid": 21407, "status": "collected", "type": "769-0", "price": 17, "changed": true, "perfid": "769", "id": "21407-0-1"}, "21270-0-0": {"orderid": 21270, "status": "collected", "perfid": "769", "price": 17, "changed": true, "type": "769-0", "id": "21270-0-0"}, "21219-4-0": {"orderid": 21219, "status": "collected", "perfid": "769", "price": 16.5, "changed": true, "type": "769-4", "id": "21219-4-0"}, "21219-4-1": {"orderid": 21219, "status": "collected", "perfid": "769", "price": 16.5, "changed": true, "type": "769-4", "id": "21219-4-1"}, "21407-0-0": {"orderid": 21407, "status": "collected", "type": "769-0", "price": 17, "changed": true, "perfid": "769", "id": "21407-0-0"}, "21237-1-0": {"orderid": 21237, "status": "collected", "perfid": "769", "price": 14.5, "changed": true, "type": "769-1", "id": "21237-1-0"}, "21391-1-0": {"orderid": 21391, "status": "collected", "perfid": "769", "price": 14.5, "changed": true, "type": "769-1", "id": "21391-1-0"}, "21391-1-1": {"orderid": 21391, "status": "collected", "perfid": "769", "price": 14.5, "changed": true, "type": "769-1", "id": "21391-1-1"}, "20956-4-0": {"orderid": 20956, "status": "collected", "type": "769-4", "price": 14.5, "changed": true, "perfid": "769", "id": "20956-4-0"}, "local-769-59511": {"orderid": "local", "status": "collected", "perfid": 769, "price": 14.5, "changed": true, "type": "769-1", "id": "local-769-59511"}, "21403-0-1": {"orderid": 21403, "status": "collected", "perfid": "769", "price": 17, "changed": true, "type": "769-0", "id": "21403-0-1"}, "21403-0-0": {"orderid": 21403, "status": "collected", "perfid": "769", "price": 17, "changed": true, "type": "769-0", "id": "21403-0-0"}, "21155-4-1": {"orderid": 21155, "status": "collected", "perfid": "769", "price": 16.5, "changed": true, "type": "769-4", "id": "21155-4-1"}, "21155-4-0": {"orderid": 21155, "status": "collected", "perfid": "769", "price": 16.5, "changed": true, "type": "769-4", "id": "21155-4-0"}, "21368-1-0": {"orderid": 21368, "status": "collected", "perfid": "769", "price": 14.5, "changed": true, "type": "769-1", "id": "21368-1-0"}}