{"21121-3-1": {"orderid": 21121, "status": "collected", "type": "770-3", "price": 23, "changed": true, "perfid": "770", "id": "21121-3-1"}, "21121-3-0": {"orderid": 21121, "status": "collected", "type": "770-3", "price": 23, "changed": true, "perfid": "770", "id": "21121-3-0"}, "21100-4-0": {"orderid": 21100, "status": "collected", "perfid": "770", "price": 18.5, "changed": true, "type": "770-4", "id": "21100-4-0"}, "21105-1-1": {"orderid": 21105, "status": "collected", "perfid": "770", "price": 18.5, "changed": true, "type": "770-1", "id": "21105-1-1"}, "21239-0-0": {"orderid": 21239, "status": "collected", "type": "770-0", "price": 21, "changed": true, "perfid": "770", "id": "21239-0-0"}, "21239-0-1": {"orderid": 21239, "status": "collected", "type": "770-0", "price": 21, "changed": true, "perfid": "770", "id": "21239-0-1"}, "21207-1-2": {"orderid": 21207, "status": "collected", "type": "770-1", "price": 18.5, "changed": true, "perfid": "770", "id": "21207-1-2"}, "21150-3-1": {"orderid": 21150, "status": "collected", "type": "770-3", "price": 23, "changed": true, "perfid": "770", "id": "21150-3-1"}, "21150-3-0": {"orderid": 21150, "status": "collected", "type": "770-3", "price": 23, "changed": true, "perfid": "770", "id": "21150-3-0"}, "21247-0-1": {"orderid": 21247, "status": "collected", "perfid": "770", "price": 21, "changed": true, "type": "770-0", "id": "21247-0-1"}, "21247-0-0": {"orderid": 21247, "status": "collected", "perfid": "770", "price": 21, "changed": true, "type": "770-0", "id": "21247-0-0"}, "21413-0-2": {"orderid": 21413, "status": "collected", "perfid": "770", "price": 21, "changed": true, "type": "770-0", "id": "21413-0-2"}, "21127-3-3": {"orderid": 21127, "status": "collected", "type": "770-3", "price": 23, "changed": true, "perfid": "770", "id": "21127-3-3"}, "21100-3-1": {"orderid": 21100, "status": "collected", "perfid": "770", "price": 21, "changed": true, "type": "770-3", "id": "21100-3-1"}, "21413-0-1": {"orderid": 21413, "status": "collected", "perfid": "770", "price": 21, "changed": true, "type": "770-0", "id": "21413-0-1"}, "21207-1-1": {"orderid": 21207, "status": "collected", "type": "770-1", "price": 18.5, "changed": true, "perfid": "770", "id": "21207-1-1"}, "21161-0-0": {"orderid": 21161, "status": "collected", "perfid": "770", "price": 21, "changed": true, "type": "770-0", "id": "21161-0-0"}, "21161-0-1": {"orderid": 21161, "status": "collected", "perfid": "770", "price": 21, "changed": true, "type": "770-0", "id": "21161-0-1"}, "21112-0-4": {"orderid": 21112, "status": "collected", "type": "770-0", "price": 21, "changed": true, "perfid": "770", "id": "21112-0-4"}, "21413-0-0": {"orderid": 21413, "status": "collected", "perfid": "770", "price": 21, "changed": true, "type": "770-0", "id": "21413-0-0"}, "21104-4-1": {"orderid": 21104, "status": "collected", "perfid": "770", "price": 20.5, "changed": true, "type": "770-4", "id": "21104-4-1"}, "21104-4-0": {"orderid": 21104, "status": "collected", "perfid": "770", "price": 20.5, "changed": true, "type": "770-4", "id": "21104-4-0"}, "21207-0-0": {"orderid": 21207, "status": "collected", "type": "770-0", "price": 21, "changed": true, "perfid": "770", "id": "21207-0-0"}, "21428-0-0": {"orderid": 21428, "status": "collected", "type": "770-0", "price": 21, "changed": true, "perfid": "770", "id": "21428-0-0"}, "21428-0-1": {"orderid": 21428, "status": "collected", "type": "770-0", "price": 21, "changed": true, "perfid": "770", "id": "21428-0-1"}, "21100-3-2": {"orderid": 21100, "status": "collected", "perfid": "770", "price": 21, "changed": true, "type": "770-3", "id": "21100-3-2"}, "21100-3-0": {"orderid": 21100, "status": "collected", "perfid": "770", "price": 21, "changed": true, "type": "770-3", "id": "21100-3-0"}, "21421-1-1": {"orderid": 21421, "status": "collected", "type": "770-1", "price": 18.5, "changed": true, "perfid": "770", "id": "21421-1-1"}, "21207-1-0": {"orderid": 21207, "status": "collected", "type": "770-1", "price": 18.5, "changed": true, "perfid": "770", "id": "21207-1-0"}, "21146-3-0": {"orderid": 21146, "status": "collected", "type": "770-3", "price": 23, "changed": true, "perfid": "770", "id": "21146-3-0"}, "21146-3-1": {"orderid": 21146, "status": "collected", "type": "770-3", "price": 23, "changed": true, "perfid": "770", "id": "21146-3-1"}, "21108-0-1": {"orderid": 21108, "status": "collected", "perfid": "770", "price": 21, "changed": true, "type": "770-0", "id": "21108-0-1"}, "21108-0-0": {"orderid": 21108, "status": "collected", "perfid": "770", "price": 21, "changed": true, "type": "770-0", "id": "21108-0-0"}, "21009-4-1": {"orderid": 21009, "status": "collected", "perfid": "770", "price": 18.5, "changed": true, "type": "770-4", "id": "21009-4-1"}, "21009-4-0": {"orderid": 21009, "status": "collected", "perfid": "770", "price": 18.5, "changed": true, "type": "770-4", "id": "21009-4-0"}, "21092-3-2": {"orderid": 21092, "status": "collected", "type": "770-3", "price": 21, "changed": true, "perfid": "770", "id": "21092-3-2"}, "21127-3-4": {"orderid": 21127, "status": "collected", "type": "770-3", "price": 23, "changed": true, "perfid": "770", "id": "21127-3-4"}, "21351-0-1": {"orderid": 21351, "status": "collected", "type": "770-0", "price": 21, "changed": true, "perfid": "770", "id": "21351-0-1"}, "21127-3-2": {"orderid": 21127, "status": "collected", "type": "770-3", "price": 23, "changed": true, "perfid": "770", "id": "21127-3-2"}, "21351-0-0": {"orderid": 21351, "status": "collected", "type": "770-0", "price": 21, "changed": true, "perfid": "770", "id": "21351-0-0"}, "21127-3-0": {"orderid": 21127, "status": "collected", "type": "770-3", "price": 23, "changed": true, "perfid": "770", "id": "21127-3-0"}, "21146-0-7": {"orderid": 21146, "status": "collected", "type": "770-0", "price": 21, "changed": true, "perfid": "770", "id": "21146-0-7"}, "21146-0-6": {"orderid": 21146, "status": "collected", "type": "770-0", "price": 21, "changed": true, "perfid": "770", "id": "21146-0-6"}, "21146-0-5": {"orderid": 21146, "status": "collected", "type": "770-0", "price": 21, "changed": true, "perfid": "770", "id": "21146-0-5"}, "21146-0-4": {"orderid": 21146, "status": "collected", "type": "770-0", "price": 21, "changed": true, "perfid": "770", "id": "21146-0-4"}, "21146-0-3": {"orderid": 21146, "status": "collected", "type": "770-0", "price": 21, "changed": true, "perfid": "770", "id": "21146-0-3"}, "21146-0-2": {"orderid": 21146, "status": "collected", "type": "770-0", "price": 21, "changed": true, "perfid": "770", "id": "21146-0-2"}, "21146-0-1": {"orderid": 21146, "status": "collected", "type": "770-0", "price": 21, "changed": true, "perfid": "770", "id": "21146-0-1"}, "21146-0-0": {"orderid": 21146, "status": "collected", "type": "770-0", "price": 21, "changed": true, "perfid": "770", "id": "21146-0-0"}, "21151-3-0": {"orderid": 21151, "status": "collected", "perfid": "770", "price": 23, "changed": true, "type": "770-3", "id": "21151-3-0"}, "21151-3-1": {"orderid": 21151, "status": "collected", "perfid": "770", "price": 23, "changed": true, "type": "770-3", "id": "21151-3-1"}, "20985-3-0": {"orderid": 20985, "status": "collected", "perfid": "770", "price": 21, "changed": true, "type": "770-3", "id": "20985-3-0"}, "20985-3-1": {"orderid": 20985, "status": "collected", "perfid": "770", "price": 21, "changed": true, "type": "770-3", "id": "20985-3-1"}, "20985-3-2": {"orderid": 20985, "status": "collected", "perfid": "770", "price": 21, "changed": true, "type": "770-3", "id": "20985-3-2"}, "21092-3-3": {"orderid": 21092, "status": "collected", "type": "770-3", "price": 21, "changed": true, "perfid": "770", "id": "21092-3-3"}, "21090-3-0": {"orderid": 21090, "status": "collected", "type": "770-3", "price": 21, "changed": true, "perfid": "770", "id": "21090-3-0"}, "21090-3-1": {"orderid": 21090, "status": "collected", "type": "770-3", "price": 21, "changed": true, "perfid": "770", "id": "21090-3-1"}, "21301-1-1": {"orderid": 21301, "status": "collected", "perfid": "770", "price": 18.5, "changed": true, "type": "770-1", "id": "21301-1-1"}, "21301-1-0": {"orderid": 21301, "status": "collected", "perfid": "770", "price": 18.5, "changed": true, "type": "770-1", "id": "21301-1-0"}, "21404-2-0": {"orderid": 21404, "status": "collected", "perfid": "770", "price": 18.5, "changed": true, "type": "770-2", "id": "21404-2-0"}, "21188-0-1": {"orderid": 21188, "status": "collected", "perfid": "770", "price": 21, "changed": true, "type": "770-0", "id": "21188-0-1"}, "21188-0-0": {"orderid": 21188, "status": "collected", "perfid": "770", "price": 21, "changed": true, "type": "770-0", "id": "21188-0-0"}, "21188-0-2": {"orderid": 21188, "status": "collected", "perfid": "770", "price": 21, "changed": true, "type": "770-0", "id": "21188-0-2"}, "21421-1-0": {"orderid": 21421, "status": "collected", "type": "770-1", "price": 18.5, "changed": true, "perfid": "770", "id": "21421-1-0"}, "21121-4-2": {"orderid": 21121, "status": "collected", "type": "770-4", "price": 20.5, "changed": true, "perfid": "770", "id": "21121-4-2"}, "21105-1-0": {"orderid": 21105, "status": "collected", "perfid": "770", "price": 18.5, "changed": true, "type": "770-1", "id": "21105-1-0"}, "21121-4-0": {"orderid": 21121, "status": "collected", "type": "770-4", "price": 20.5, "changed": true, "perfid": "770", "id": "21121-4-0"}, "21121-4-1": {"orderid": 21121, "status": "collected", "type": "770-4", "price": 20.5, "changed": true, "perfid": "770", "id": "21121-4-1"}, "21127-3-1": {"orderid": 21127, "status": "collected", "type": "770-3", "price": 23, "changed": true, "perfid": "770", "id": "21127-3-1"}, "21092-3-8": {"orderid": 21092, "status": "collected", "type": "770-3", "price": 21, "changed": true, "perfid": "770", "id": "21092-3-8"}, "21092-3-9": {"orderid": 21092, "status": "collected", "type": "770-3", "price": 21, "changed": true, "perfid": "770", "id": "21092-3-9"}, "21112-0-0": {"orderid": 21112, "status": "collected", "type": "770-0", "price": 21, "changed": true, "perfid": "770", "id": "21112-0-0"}, "21112-0-1": {"orderid": 21112, "status": "collected", "type": "770-0", "price": 21, "changed": true, "perfid": "770", "id": "21112-0-1"}, "21112-0-2": {"orderid": 21112, "status": "collected", "type": "770-0", "price": 21, "changed": true, "perfid": "770", "id": "21112-0-2"}, "21112-0-3": {"orderid": 21112, "status": "collected", "type": "770-0", "price": 21, "changed": true, "perfid": "770", "id": "21112-0-3"}, "21152-0-0": {"orderid": 21152, "status": "collected", "perfid": "770", "price": 21, "changed": true, "type": "770-0", "id": "21152-0-0"}, "21401-0-0": {"orderid": 21401, "status": "collected", "type": "770-0", "price": 21, "changed": true, "perfid": "770", "id": "21401-0-0"}, "21092-3-0": {"orderid": 21092, "status": "collected", "type": "770-3", "price": 21, "changed": true, "perfid": "770", "id": "21092-3-0"}, "21092-3-1": {"orderid": 21092, "status": "collected", "type": "770-3", "price": 21, "changed": true, "perfid": "770", "id": "21092-3-1"}, "21092-3-6": {"orderid": 21092, "status": "collected", "type": "770-3", "price": 21, "changed": true, "perfid": "770", "id": "21092-3-6"}, "21092-3-7": {"orderid": 21092, "status": "collected", "type": "770-3", "price": 21, "changed": true, "perfid": "770", "id": "21092-3-7"}, "21092-3-4": {"orderid": 21092, "status": "collected", "type": "770-3", "price": 21, "changed": true, "perfid": "770", "id": "21092-3-4"}, "21092-3-5": {"orderid": 21092, "status": "collected", "type": "770-3", "price": 21, "changed": true, "perfid": "770", "id": "21092-3-5"}}