{"21354-5-0": {"orderid": 21354, "status": "collected", "perfid": "771", "price": 16.5, "changed": true, "type": "771-5", "id": "21354-5-0"}, "21449-0-0": {"orderid": 21449, "status": "collected", "perfid": "771", "price": 17, "changed": true, "type": "771-0", "id": "21449-0-0"}, "21472-2-0": {"orderid": 21472, "status": "collected", "type": "771-2", "price": 14.5, "changed": true, "perfid": "771", "id": "21472-2-0"}, "21186-0-1": {"orderid": 21186, "status": "collected", "perfid": "771", "price": 17, "changed": true, "type": "771-0", "id": "21186-0-1"}, "21465-0-0": {"orderid": 21465, "status": "collected", "perfid": "771", "price": 17, "changed": true, "type": "771-0", "id": "21465-0-0"}, "21241-3-6": {"orderid": 21241, "status": "collected", "perfid": "771", "price": 19, "changed": true, "type": "771-3", "id": "21241-3-6"}, "21262-1-0": {"orderid": 21262, "status": "collected", "type": "771-1", "price": 14.5, "changed": true, "perfid": "771", "id": "21262-1-0"}, "21241-3-12": {"orderid": 21241, "status": "collected", "type": "771-3", "price": 19, "changed": true, "perfid": "771", "id": "21241-3-12"}, "21262-0-0": {"orderid": 21262, "status": "collected", "type": "771-0", "price": 17, "changed": true, "perfid": "771", "id": "21262-0-0"}, "21186-0-0": {"orderid": 21186, "status": "collected", "perfid": "771", "price": 17, "changed": true, "type": "771-0", "id": "21186-0-0"}, "21416-5-0": {"orderid": 21416, "status": "collected", "type": "771-5", "price": 16.5, "changed": true, "perfid": "771", "id": "21416-5-0"}, "21444-0-0": {"orderid": 21444, "status": "collected", "perfid": "771", "price": 17, "changed": true, "type": "771-0", "id": "21444-0-0"}, "21255-0-0": {"orderid": 21255, "status": "collected", "type": "771-0", "price": 17, "changed": true, "perfid": "771", "id": "21255-0-0"}, "21255-0-1": {"orderid": 21255, "status": "collected", "type": "771-0", "price": 17, "changed": true, "perfid": "771", "id": "21255-0-1"}, "21423-0-0": {"orderid": 21423, "status": "collected", "perfid": "771", "price": 17, "changed": true, "type": "771-0", "id": "21423-0-0"}, "21145-0-0": {"orderid": 21145, "status": "collected", "perfid": "771", "price": 17, "changed": true, "type": "771-0", "id": "21145-0-0"}, "20996-0-9": {"orderid": 20996, "status": "collected", "type": "771-0", "price": 17, "changed": true, "perfid": "771", "id": "20996-0-9"}, "20996-0-8": {"orderid": 20996, "status": "collected", "type": "771-0", "price": 17, "changed": true, "perfid": "771", "id": "20996-0-8"}, "20996-0-7": {"orderid": 20996, "status": "collected", "type": "771-0", "price": 17, "changed": true, "perfid": "771", "id": "20996-0-7"}, "20996-0-6": {"orderid": 20996, "status": "collected", "type": "771-0", "price": 17, "changed": true, "perfid": "771", "id": "20996-0-6"}, "20996-0-5": {"orderid": 20996, "status": "collected", "type": "771-0", "price": 17, "changed": true, "perfid": "771", "id": "20996-0-5"}, "20996-0-4": {"orderid": 20996, "status": "collected", "type": "771-0", "price": 17, "changed": true, "perfid": "771", "id": "20996-0-4"}, "20996-0-3": {"orderid": 20996, "status": "collected", "type": "771-0", "price": 17, "changed": true, "perfid": "771", "id": "20996-0-3"}, "20996-0-2": {"orderid": 20996, "status": "collected", "type": "771-0", "price": 17, "changed": true, "perfid": "771", "id": "20996-0-2"}, "20996-0-1": {"orderid": 20996, "status": "collected", "type": "771-0", "price": 17, "changed": true, "perfid": "771", "id": "20996-0-1"}, "20996-0-0": {"orderid": 20996, "status": "collected", "type": "771-0", "price": 17, "changed": true, "perfid": "771", "id": "20996-0-0"}, "20801-3-1": {"orderid": 20801, "status": "collected", "perfid": "771", "price": 17, "changed": true, "type": "771-3", "id": "20801-3-1"}, "20801-3-0": {"orderid": 20801, "status": "collected", "perfid": "771", "price": 17, "changed": true, "type": "771-3", "id": "20801-3-0"}, "21241-3-13": {"orderid": 21241, "status": "collected", "type": "771-3", "price": 19, "changed": true, "perfid": "771", "id": "21241-3-13"}, "21280-4-0": {"orderid": 21280, "status": "collected", "type": "771-4", "price": 16.5, "changed": true, "perfid": "771", "id": "21280-4-0"}, "21280-4-1": {"orderid": 21280, "status": "collected", "type": "771-4", "price": 16.5, "changed": true, "perfid": "771", "id": "21280-4-1"}, "21422-2-0": {"orderid": 21422, "status": "collected", "perfid": "771", "price": 14.5, "changed": true, "type": "771-2", "id": "21422-2-0"}, "21059-0-0": {"orderid": 21059, "status": "collected", "perfid": "771", "price": 17, "changed": true, "type": "771-0", "id": "21059-0-0"}, "21456-1-0": {"orderid": 21456, "status": "collected", "perfid": "771", "price": 14.5, "changed": true, "type": "771-1", "id": "21456-1-0"}, "21416-4-0": {"orderid": 21416, "status": "collected", "type": "771-4", "price": 16.5, "changed": true, "perfid": "771", "id": "21416-4-0"}, "21162-0-1": {"orderid": 21162, "status": "collected", "type": "771-0", "price": 17, "changed": true, "perfid": "771", "id": "21162-0-1"}, "21162-0-0": {"orderid": 21162, "status": "collected", "type": "771-0", "price": 17, "changed": true, "perfid": "771", "id": "21162-0-0"}, "21162-0-3": {"orderid": 21162, "status": "collected", "type": "771-0", "price": 17, "changed": true, "perfid": "771", "id": "21162-0-3"}, "21162-0-2": {"orderid": 21162, "status": "collected", "type": "771-0", "price": 17, "changed": true, "perfid": "771", "id": "21162-0-2"}, "21479-0-0": {"orderid": 21479, "status": "collected", "type": "771-0", "price": 17, "changed": true, "perfid": "771", "id": "21479-0-0"}, "21355-0-1": {"orderid": 21355, "status": "collected", "perfid": "771", "price": 17, "changed": true, "type": "771-0", "id": "21355-0-1"}, "21355-0-0": {"orderid": 21355, "status": "collected", "perfid": "771", "price": 17, "changed": true, "type": "771-0", "id": "21355-0-0"}, "21354-3-0": {"orderid": 21354, "status": "collected", "perfid": "771", "price": 19, "changed": true, "type": "771-3", "id": "21354-3-0"}, "20807-4-0": {"orderid": 20807, "status": "collected", "type": "771-4", "price": 14.5, "changed": true, "perfid": "771", "id": "20807-4-0"}, "21399-0-1": {"orderid": 21399, "status": "collected", "type": "771-0", "price": 17, "changed": true, "perfid": "771", "id": "21399-0-1"}, "21399-0-0": {"orderid": 21399, "status": "collected", "type": "771-0", "price": 17, "changed": true, "perfid": "771", "id": "21399-0-0"}, "21214-4-1": {"orderid": 21214, "status": "collected", "type": "771-4", "price": 16.5, "changed": true, "perfid": "771", "id": "21214-4-1"}, "21214-4-0": {"orderid": 21214, "status": "collected", "type": "771-4", "price": 16.5, "changed": true, "perfid": "771", "id": "21214-4-0"}, "21241-3-8": {"orderid": 21241, "status": "collected", "perfid": "771", "price": 19, "changed": true, "type": "771-3", "id": "21241-3-8"}, "21241-3-9": {"orderid": 21241, "status": "collected", "perfid": "771", "price": 19, "changed": true, "type": "771-3", "id": "21241-3-9"}, "21241-3-0": {"orderid": 21241, "status": "collected", "perfid": "771", "price": 19, "changed": true, "type": "771-3", "id": "21241-3-0"}, "21241-3-1": {"orderid": 21241, "status": "collected", "perfid": "771", "price": 19, "changed": true, "type": "771-3", "id": "21241-3-1"}, "21241-3-2": {"orderid": 21241, "status": "collected", "perfid": "771", "price": 19, "changed": true, "type": "771-3", "id": "21241-3-2"}, "21241-3-3": {"orderid": 21241, "status": "collected", "perfid": "771", "price": 19, "changed": true, "type": "771-3", "id": "21241-3-3"}, "21241-3-4": {"orderid": 21241, "status": "collected", "perfid": "771", "price": 19, "changed": true, "type": "771-3", "id": "21241-3-4"}, "21241-3-5": {"orderid": 21241, "status": "collected", "perfid": "771", "price": 19, "changed": true, "type": "771-3", "id": "21241-3-5"}, "21450-1-0": {"orderid": 21450, "status": "collected", "perfid": "771", "price": 14.5, "changed": true, "type": "771-1", "id": "21450-1-0"}, "21241-3-7": {"orderid": 21241, "status": "collected", "perfid": "771", "price": 19, "changed": true, "type": "771-3", "id": "21241-3-7"}, "21265-4-1": {"orderid": 21265, "status": "collected", "type": "771-4", "price": 16.5, "changed": true, "perfid": "771", "id": "21265-4-1"}, "21265-4-0": {"orderid": 21265, "status": "collected", "type": "771-4", "price": 16.5, "changed": true, "perfid": "771", "id": "21265-4-0"}, "20785-4-1": {"orderid": 20785, "status": "collected", "type": "771-4", "price": 14.5, "changed": true, "perfid": "771", "id": "20785-4-1"}, "20785-4-0": {"orderid": 20785, "status": "collected", "type": "771-4", "price": 14.5, "changed": true, "perfid": "771", "id": "20785-4-0"}, "21218-4-0": {"orderid": 21218, "status": "collected", "type": "771-4", "price": 16.5, "changed": true, "perfid": "771", "id": "21218-4-0"}, "21456-0-0": {"orderid": 21456, "status": "collected", "perfid": "771", "price": 17, "changed": true, "type": "771-0", "id": "21456-0-0"}, "21054-4-1": {"orderid": 21054, "status": "collected", "perfid": "771", "price": 14.5, "changed": true, "type": "771-4", "id": "21054-4-1"}, "21054-4-0": {"orderid": 21054, "status": "collected", "perfid": "771", "price": 14.5, "changed": true, "type": "771-4", "id": "21054-4-0"}, "21145-1-1": {"orderid": 21145, "status": "collected", "perfid": "771", "price": 14.5, "changed": true, "type": "771-1", "id": "21145-1-1"}, "21145-1-0": {"orderid": 21145, "status": "collected", "perfid": "771", "price": 14.5, "changed": true, "type": "771-1", "id": "21145-1-0"}, "21145-1-3": {"orderid": 21145, "status": "collected", "perfid": "771", "price": 14.5, "changed": true, "type": "771-1", "id": "21145-1-3"}, "21145-1-2": {"orderid": 21145, "status": "collected", "perfid": "771", "price": 14.5, "changed": true, "type": "771-1", "id": "21145-1-2"}, "21145-1-5": {"orderid": 21145, "status": "collected", "perfid": "771", "price": 14.5, "changed": true, "type": "771-1", "id": "21145-1-5"}, "21145-1-4": {"orderid": 21145, "status": "collected", "perfid": "771", "price": 14.5, "changed": true, "type": "771-1", "id": "21145-1-4"}, "21145-1-6": {"orderid": 21145, "status": "collected", "perfid": "771", "price": 14.5, "changed": true, "type": "771-1", "id": "21145-1-6"}, "21468-0-0": {"orderid": 21468, "status": "collected", "perfid": "771", "price": 17, "changed": true, "type": "771-0", "id": "21468-0-0"}, "21270-0-0": {"orderid": 21270, "status": "collected", "type": "771-0", "price": 17, "changed": true, "perfid": "771", "id": "21270-0-0"}, "21079-0-0": {"orderid": 21079, "status": "collected", "type": "771-0", "price": 17, "changed": true, "perfid": "771", "id": "21079-0-0"}, "21079-0-1": {"orderid": 21079, "status": "collected", "type": "771-0", "price": 17, "changed": true, "perfid": "771", "id": "21079-0-1"}, "21189-4-0": {"orderid": 21189, "status": "collected", "type": "771-4", "price": 16.5, "changed": true, "perfid": "771", "id": "21189-4-0"}, "21189-4-1": {"orderid": 21189, "status": "collected", "type": "771-4", "price": 16.5, "changed": true, "perfid": "771", "id": "21189-4-1"}, "21241-3-10": {"orderid": 21241, "status": "collected", "perfid": "771", "price": 19, "changed": true, "type": "771-3", "id": "21241-3-10"}, "21241-3-11": {"orderid": 21241, "status": "collected", "type": "771-3", "price": 19, "changed": true, "perfid": "771", "id": "21241-3-11"}, "21241-3-14": {"orderid": 21241, "status": "collected", "type": "771-3", "price": 19, "changed": true, "perfid": "771", "id": "21241-3-14"}, "21241-3-15": {"orderid": 21241, "status": "uncollected", "perfid": "771", "price": 19, "changed": true, "type": "771-3", "id": "21241-3-15"}, "21465-0-1": {"orderid": 21465, "status": "collected", "perfid": "771", "price": 17, "changed": true, "type": "771-0", "id": "21465-0-1"}, "21271-5-1": {"orderid": 21271, "status": "collected", "type": "771-5", "price": 16.5, "changed": true, "perfid": "771", "id": "21271-5-1"}, "21271-5-0": {"orderid": 21271, "status": "collected", "type": "771-5", "price": 16.5, "changed": true, "perfid": "771", "id": "21271-5-0"}, "21443-2-0": {"orderid": 21443, "status": "collected", "perfid": "771", "price": 14.5, "changed": true, "type": "771-2", "id": "21443-2-0"}}