{"21137-4-1": {"orderid": 21137, "status": "collected", "perfid": "772", "price": 16.5, "changed": true, "type": "772-4", "id": "21137-4-1"}, "21137-4-0": {"orderid": 21137, "status": "collected", "perfid": "772", "price": 16.5, "changed": true, "type": "772-4", "id": "21137-4-0"}, "21466-0-0": {"orderid": 21466, "status": "collected", "perfid": "772", "price": 17, "changed": true, "type": "772-0", "id": "21466-0-0"}, "21466-0-1": {"orderid": 21466, "status": "collected", "perfid": "772", "price": 17, "changed": true, "type": "772-0", "id": "21466-0-1"}, "21142-3-0": {"orderid": 21142, "status": "collected", "perfid": "772", "price": 19, "changed": true, "type": "772-3", "id": "21142-3-0"}, "21142-3-1": {"orderid": 21142, "status": "collected", "perfid": "772", "price": 19, "changed": true, "type": "772-3", "id": "21142-3-1"}, "21142-3-2": {"orderid": 21142, "status": "collected", "perfid": "772", "price": 19, "changed": true, "type": "772-3", "id": "21142-3-2"}, "21142-3-3": {"orderid": 21142, "status": "collected", "perfid": "772", "price": 19, "changed": true, "type": "772-3", "id": "21142-3-3"}, "local-772-46322": {"orderid": "local", "status": "collected", "perfid": 772, "price": 17, "changed": true, "type": "772-0", "id": "local-772-46322"}, "local-772-96367": {"orderid": "local", "status": "collected", "perfid": 772, "price": 14.5, "changed": true, "type": "772-1", "id": "local-772-96367"}, "21464-1-0": {"orderid": 21464, "status": "collected", "type": "772-1", "price": 14.5, "changed": true, "perfid": "772", "id": "21464-1-0"}, "20815-5-0": {"orderid": 20815, "status": "collected", "type": "772-5", "price": 14.5, "changed": true, "perfid": "772", "id": "20815-5-0"}, "20815-5-1": {"orderid": 20815, "status": "uncollected", "type": "772-5", "price": 14.5, "changed": true, "perfid": "772", "id": "20815-5-1"}, "21272-2-0": {"orderid": 21272, "status": "collected", "perfid": "772", "price": 14.5, "changed": true, "type": "772-2", "id": "21272-2-0"}, "21345-0-0": {"orderid": 21345, "status": "collected", "perfid": "772", "price": 17, "changed": true, "type": "772-0", "id": "21345-0-0"}, "21345-0-1": {"orderid": 21345, "status": "collected", "perfid": "772", "price": 17, "changed": true, "type": "772-0", "id": "21345-0-1"}, "21491-0-0": {"orderid": 21491, "status": "collected", "type": "772-0", "price": 17, "changed": true, "perfid": "772", "id": "21491-0-0"}, "21418-0-0": {"orderid": 21418, "status": "collected", "type": "772-0", "price": 17, "changed": true, "perfid": "772", "id": "21418-0-0"}, "21158-0-0": {"orderid": 21158, "status": "collected", "type": "772-0", "price": 17, "changed": true, "perfid": "772", "id": "21158-0-0"}, "21158-0-1": {"orderid": 21158, "status": "collected", "type": "772-0", "price": 17, "changed": true, "perfid": "772", "id": "21158-0-1"}, "21221-3-2": {"orderid": 21221, "status": "collected", "perfid": "772", "price": 19, "changed": true, "type": "772-3", "id": "21221-3-2"}, "21221-3-0": {"orderid": 21221, "status": "collected", "perfid": "772", "price": 19, "changed": true, "type": "772-3", "id": "21221-3-0"}, "21221-3-1": {"orderid": 21221, "status": "collected", "perfid": "772", "price": 19, "changed": true, "type": "772-3", "id": "21221-3-1"}, "21130-4-0": {"orderid": 21130, "status": "collected", "perfid": "772", "price": 16.5, "changed": true, "type": "772-4", "id": "21130-4-0"}, "21335-0-0": {"orderid": 21335, "status": "collected", "type": "772-0", "price": 17, "changed": true, "perfid": "772", "id": "21335-0-0"}, "21312-2-0": {"orderid": 21312, "status": "collected", "type": "772-2", "price": 14.5, "changed": true, "perfid": "772", "id": "21312-2-0"}, "21463-0-1": {"orderid": 21463, "status": "collected", "type": "772-0", "price": 17, "changed": true, "perfid": "772", "id": "21463-0-1"}, "21463-0-0": {"orderid": 21463, "status": "collected", "perfid": "772", "price": 17, "changed": true, "type": "772-0", "id": "21463-0-0"}, "21080-3-1": {"orderid": 21080, "status": "collected", "type": "772-3", "price": 17, "changed": true, "perfid": "772", "id": "21080-3-1"}, "21080-3-0": {"orderid": 21080, "status": "collected", "type": "772-3", "price": 17, "changed": true, "perfid": "772", "id": "21080-3-0"}, "21499-2-0": {"orderid": 21499, "status": "collected", "type": "772-2", "price": 14.5, "changed": true, "perfid": "772", "id": "21499-2-0"}, "21455-0-0": {"orderid": 21455, "status": "collected", "type": "772-0", "price": 17, "changed": true, "perfid": "772", "id": "21455-0-0"}, "21455-0-1": {"orderid": 21455, "status": "collected", "type": "772-0", "price": 17, "changed": true, "perfid": "772", "id": "21455-0-1"}, "21343-0-0": {"orderid": 21343, "status": "collected", "type": "772-0", "price": 17, "changed": true, "perfid": "772", "id": "21343-0-0"}, "21333-0-0": {"orderid": 21333, "status": "collected", "perfid": "772", "price": 17, "changed": true, "type": "772-0", "id": "21333-0-0"}, "local-772-70791": {"orderid": "local", "status": "collected", "type": "772-0", "price": 17, "changed": true, "perfid": 772, "id": "local-772-70791"}, "21137-3-0": {"orderid": 21137, "status": "collected", "perfid": "772", "price": 19, "changed": true, "type": "772-3", "id": "21137-3-0"}, "21137-3-1": {"orderid": 21137, "status": "collected", "perfid": "772", "price": 19, "changed": true, "type": "772-3", "id": "21137-3-1"}, "21495-2-0": {"orderid": 21495, "status": "collected", "type": "772-2", "price": 14.5, "changed": true, "perfid": "772", "id": "21495-2-0"}, "21495-2-1": {"orderid": 21495, "status": "collected", "type": "772-2", "price": 14.5, "changed": true, "perfid": "772", "id": "21495-2-1"}, "21454-2-1": {"orderid": 21454, "status": "collected", "type": "772-2", "price": 14.5, "changed": true, "perfid": "772", "id": "21454-2-1"}, "21454-2-0": {"orderid": 21454, "status": "collected", "type": "772-2", "price": 14.5, "changed": true, "perfid": "772", "id": "21454-2-0"}, "21055-3-1": {"orderid": 21055, "status": "collected", "perfid": "772", "price": 17, "changed": true, "type": "772-3", "id": "21055-3-1"}, "21055-3-0": {"orderid": 21055, "status": "collected", "perfid": "772", "price": 17, "changed": true, "type": "772-3", "id": "21055-3-0"}, "local-772-77885": {"orderid": "local", "status": "collected", "type": "772-1", "price": 14.5, "changed": true, "perfid": 772, "id": "local-772-77885"}, "21195-2-0": {"orderid": 21195, "status": "collected", "perfid": "772", "price": 14.5, "changed": true, "type": "772-2", "id": "21195-2-0"}, "21442-0-0": {"orderid": 21442, "status": "collected", "perfid": "772", "price": 17, "changed": true, "type": "772-0", "id": "21442-0-0"}, "21487-0-0": {"orderid": 21487, "status": "collected", "type": "772-0", "price": 17, "changed": true, "perfid": "772", "id": "21487-0-0"}, "21493-0-0": {"orderid": 21493, "status": "collected", "type": "772-0", "price": 17, "changed": true, "perfid": "772", "id": "21493-0-0"}, "21460-0-0": {"orderid": 21460, "status": "collected", "perfid": "772", "price": 17, "changed": true, "type": "772-0", "id": "21460-0-0"}, "21460-0-1": {"orderid": 21460, "status": "collected", "perfid": "772", "price": 17, "changed": true, "type": "772-0", "id": "21460-0-1"}, "21080-4-8": {"orderid": 21080, "status": "collected", "type": "772-4", "price": 14.5, "changed": true, "perfid": "772", "id": "21080-4-8"}, "21080-4-9": {"orderid": 21080, "status": "collected", "type": "772-4", "price": 14.5, "changed": true, "perfid": "772", "id": "21080-4-9"}, "20855-3-0": {"orderid": 20855, "status": "collected", "type": "772-3", "price": 17, "changed": true, "perfid": "772", "id": "20855-3-0"}, "21080-4-0": {"orderid": 21080, "status": "collected", "type": "772-4", "price": 14.5, "changed": true, "perfid": "772", "id": "21080-4-0"}, "21080-4-1": {"orderid": 21080, "status": "collected", "type": "772-4", "price": 14.5, "changed": true, "perfid": "772", "id": "21080-4-1"}, "21148-3-0": {"orderid": 21148, "status": "collected", "perfid": "772", "price": 19, "changed": true, "type": "772-3", "id": "21148-3-0"}, "21080-4-3": {"orderid": 21080, "status": "collected", "type": "772-4", "price": 14.5, "changed": true, "perfid": "772", "id": "21080-4-3"}, "21170-4-0": {"orderid": 21170, "status": "collected", "type": "772-4", "price": 16.5, "changed": true, "perfid": "772", "id": "21170-4-0"}, "21080-4-5": {"orderid": 21080, "status": "collected", "type": "772-4", "price": 14.5, "changed": true, "perfid": "772", "id": "21080-4-5"}, "21080-4-6": {"orderid": 21080, "status": "collected", "type": "772-4", "price": 14.5, "changed": true, "perfid": "772", "id": "21080-4-6"}, "21080-4-7": {"orderid": 21080, "status": "collected", "type": "772-4", "price": 14.5, "changed": true, "perfid": "772", "id": "21080-4-7"}, "21335-2-0": {"orderid": 21335, "status": "collected", "type": "772-2", "price": 14.5, "changed": true, "perfid": "772", "id": "21335-2-0"}, "21458-0-1": {"orderid": 21458, "status": "collected", "type": "772-0", "price": 17, "changed": true, "perfid": "772", "id": "21458-0-1"}, "21458-0-0": {"orderid": 21458, "status": "collected", "type": "772-0", "price": 17, "changed": true, "perfid": "772", "id": "21458-0-0"}, "21226-0-0": {"orderid": 21226, "status": "collected", "type": "772-0", "price": 17, "changed": true, "perfid": "772", "id": "21226-0-0"}, "21226-0-1": {"orderid": 21226, "status": "collected", "type": "772-0", "price": 17, "changed": true, "perfid": "772", "id": "21226-0-1"}, "21210-3-0": {"orderid": 21210, "status": "collected", "type": "772-3", "price": 19, "changed": true, "perfid": "772", "id": "21210-3-0"}, "21418-1-0": {"orderid": 21418, "status": "collected", "type": "772-1", "price": 14.5, "changed": true, "perfid": "772", "id": "21418-1-0"}, "21080-4-2": {"orderid": 21080, "status": "collected", "type": "772-4", "price": 14.5, "changed": true, "perfid": "772", "id": "21080-4-2"}, "21352-2-0": {"orderid": 21352, "status": "collected", "perfid": "772", "price": 14.5, "changed": true, "type": "772-2", "id": "21352-2-0"}, "21148-3-1": {"orderid": 21148, "status": "collected", "perfid": "772", "price": 19, "changed": true, "type": "772-3", "id": "21148-3-1"}, "21492-1-1": {"orderid": 21492, "status": "collected", "type": "772-1", "price": 14.5, "changed": true, "perfid": "772", "id": "21492-1-1"}, "21488-0-0": {"orderid": 21488, "status": "collected", "perfid": "772", "price": 17, "changed": true, "type": "772-0", "id": "21488-0-0"}, "21080-4-4": {"orderid": 21080, "status": "collected", "type": "772-4", "price": 14.5, "changed": true, "perfid": "772", "id": "21080-4-4"}, "21245-0-0": {"orderid": 21245, "status": "collected", "type": "772-0", "price": 17, "changed": true, "perfid": "772", "id": "21245-0-0"}, "20952-1-0": {"orderid": 20952, "status": "collected", "perfid": "772", "price": 14.5, "changed": true, "type": "772-1", "id": "20952-1-0"}, "21130-3-0": {"orderid": 21130, "status": "collected", "perfid": "772", "price": 19, "changed": true, "type": "772-3", "id": "21130-3-0"}, "21400-0-0": {"orderid": 21400, "status": "collected", "type": "772-0", "price": 17, "changed": true, "perfid": "772", "id": "21400-0-0"}, "21114-5-0": {"orderid": 21114, "status": "collected", "type": "772-5", "price": 16.5, "changed": true, "perfid": "772", "id": "21114-5-0"}, "21408-1-0": {"orderid": 21408, "status": "collected", "perfid": "772", "price": 14.5, "changed": true, "type": "772-1", "id": "21408-1-0"}, "21492-1-0": {"orderid": 21492, "status": "collected", "type": "772-1", "price": 14.5, "changed": true, "perfid": "772", "id": "21492-1-0"}, "21352-2-1": {"orderid": 21352, "status": "collected", "perfid": "772", "price": 14.5, "changed": true, "type": "772-2", "id": "21352-2-1"}, "21333-0-1": {"orderid": 21333, "status": "collected", "perfid": "772", "price": 17, "changed": true, "type": "772-0", "id": "21333-0-1"}, "local-772-42281": {"orderid": "local", "status": "collected", "type": "772-1", "price": 14.5, "changed": true, "perfid": 772, "id": "local-772-42281"}, "21501-2-0": {"orderid": 21501, "status": "collected", "type": "772-2", "price": 14.5, "changed": true, "perfid": "772", "id": "21501-2-0"}, "21367-0-0": {"orderid": 21367, "status": "collected", "perfid": "772", "price": 17, "changed": true, "type": "772-0", "id": "21367-0-0"}, "21367-0-1": {"orderid": 21367, "status": "collected", "perfid": "772", "price": 17, "changed": true, "type": "772-0", "id": "21367-0-1"}, "20552-1-0": {"orderid": 20552, "status": "collected", "perfid": "772", "price": 14.5, "changed": true, "type": "772-1", "id": "20552-1-0"}, "20552-1-1": {"orderid": 20552, "status": "collected", "perfid": "772", "price": 14.5, "changed": true, "type": "772-1", "id": "20552-1-1"}, "21113-3-0": {"orderid": 21113, "status": "collected", "perfid": "772", "price": 19, "changed": true, "type": "772-3", "id": "21113-3-0"}, "21113-5-0": {"orderid": 21113, "status": "collected", "perfid": "772", "price": 16.5, "changed": true, "type": "772-5", "id": "21113-5-0"}, "21497-0-0": {"orderid": 21497, "status": "collected", "type": "772-0", "price": 17, "changed": true, "perfid": "772", "id": "21497-0-0"}, "21415-2-0": {"orderid": 21415, "status": "collected", "perfid": "772", "price": 14.5, "changed": true, "type": "772-2", "id": "21415-2-0"}, "21415-2-1": {"orderid": 21415, "status": "collected", "perfid": "772", "price": 14.5, "changed": true, "type": "772-2", "id": "21415-2-1"}}