{"21332-0-0": {"orderid": 21332, "status": "collected", "perfid": "773", "price": 21, "changed": true, "type": "773-0", "id": "21332-0-0"}, "21332-0-1": {"orderid": 21332, "status": "collected", "perfid": "773", "price": 21, "changed": true, "type": "773-0", "id": "21332-0-1"}, "21453-0-1": {"orderid": 21453, "status": "collected", "type": "773-0", "price": 21, "changed": true, "perfid": "773", "id": "21453-0-1"}, "21228-0-4": {"orderid": 21228, "status": "collected", "type": "773-0", "price": 21, "changed": true, "perfid": "773", "id": "21228-0-4"}, "21228-0-5": {"orderid": 21228, "status": "collected", "type": "773-0", "price": 21, "changed": true, "perfid": "773", "id": "21228-0-5"}, "21228-0-6": {"orderid": 21228, "status": "collected", "type": "773-0", "price": 21, "changed": true, "perfid": "773", "id": "21228-0-6"}, "21103-5-0": {"orderid": 21103, "status": "collected", "perfid": "773", "price": 20.5, "changed": true, "type": "773-5", "id": "21103-5-0"}, "21228-0-0": {"orderid": 21228, "status": "collected", "type": "773-0", "price": 21, "changed": true, "perfid": "773", "id": "21228-0-0"}, "21228-0-1": {"orderid": 21228, "status": "collected", "type": "773-0", "price": 21, "changed": true, "perfid": "773", "id": "21228-0-1"}, "21228-0-2": {"orderid": 21228, "status": "collected", "type": "773-0", "price": 21, "changed": true, "perfid": "773", "id": "21228-0-2"}, "21228-0-3": {"orderid": 21228, "status": "collected", "type": "773-0", "price": 21, "changed": true, "perfid": "773", "id": "21228-0-3"}, "21447-0-0": {"orderid": 21447, "status": "collected", "perfid": "773", "price": 21, "changed": true, "type": "773-0", "id": "21447-0-0"}, "21302-0-1": {"orderid": 21302, "status": "collected", "perfid": "773", "price": 21, "changed": true, "type": "773-0", "id": "21302-0-1"}, "21302-0-0": {"orderid": 21302, "status": "collected", "perfid": "773", "price": 21, "changed": true, "type": "773-0", "id": "21302-0-0"}, "21241-3-1": {"orderid": 21241, "status": "collected", "perfid": "773", "price": 23, "changed": true, "type": "773-3", "id": "21241-3-1"}, "21353-0-1": {"orderid": 21353, "status": "collected", "type": "773-0", "price": 21, "changed": true, "perfid": "773", "id": "21353-0-1"}, "21266-4-0": {"orderid": 21266, "status": "collected", "type": "773-4", "price": 20.5, "changed": true, "perfid": "773", "id": "21266-4-0"}, "21241-3-2": {"orderid": 21241, "status": "collected", "perfid": "773", "price": 23, "changed": true, "type": "773-3", "id": "21241-3-2"}, "21452-0-1": {"orderid": 21452, "status": "collected", "type": "773-0", "price": 21, "changed": true, "perfid": "773", "id": "21452-0-1"}, "21125-3-1": {"orderid": 21125, "status": "collected", "type": "773-3", "price": 23, "changed": true, "perfid": "773", "id": "21125-3-1"}, "21125-3-0": {"orderid": 21125, "status": "collected", "type": "773-3", "price": 23, "changed": true, "perfid": "773", "id": "21125-3-0"}, "21125-3-3": {"orderid": 21125, "status": "collected", "type": "773-3", "price": 23, "changed": true, "perfid": "773", "id": "21125-3-3"}, "21353-0-0": {"orderid": 21353, "status": "collected", "type": "773-0", "price": 21, "changed": true, "perfid": "773", "id": "21353-0-0"}, "21159-1-2": {"orderid": 21159, "status": "collected", "type": "773-1", "price": 18.5, "changed": true, "perfid": "773", "id": "21159-1-2"}, "21507-1-0": {"orderid": 21507, "status": "collected", "perfid": "773", "price": 18.5, "changed": true, "type": "773-1", "id": "21507-1-0"}, "21480-0-0": {"orderid": 21480, "status": "collected", "perfid": "773", "price": 21, "changed": true, "type": "773-0", "id": "21480-0-0"}, "21452-0-0": {"orderid": 21452, "status": "collected", "type": "773-0", "price": 21, "changed": true, "perfid": "773", "id": "21452-0-0"}, "21452-0-2": {"orderid": 21452, "status": "collected", "type": "773-0", "price": 21, "changed": true, "perfid": "773", "id": "21452-0-2"}, "21125-3-2": {"orderid": 21125, "status": "collected", "type": "773-3", "price": 23, "changed": true, "perfid": "773", "id": "21125-3-2"}, "21266-4-1": {"orderid": 21266, "status": "collected", "type": "773-4", "price": 20.5, "changed": true, "perfid": "773", "id": "21266-4-1"}, "21193-4-1": {"orderid": 21193, "status": "collected", "type": "773-4", "price": 20.5, "changed": true, "perfid": "773", "id": "21193-4-1"}, "21087-5-3": {"orderid": 21087, "status": "collected", "perfid": "773", "price": 18.5, "changed": true, "type": "773-5", "id": "21087-5-3"}, "21087-5-0": {"orderid": 21087, "status": "collected", "perfid": "773", "price": 18.5, "changed": true, "type": "773-5", "id": "21087-5-0"}, "21087-5-1": {"orderid": 21087, "status": "collected", "perfid": "773", "price": 18.5, "changed": true, "type": "773-5", "id": "21087-5-1"}, "21347-2-0": {"orderid": 21347, "status": "collected", "type": "773-2", "price": 18.5, "changed": true, "perfid": "773", "id": "21347-2-0"}, "21087-5-4": {"orderid": 21087, "status": "collected", "perfid": "773", "price": 18.5, "changed": true, "type": "773-5", "id": "21087-5-4"}, "21087-5-5": {"orderid": 21087, "status": "collected", "perfid": "773", "price": 18.5, "changed": true, "type": "773-5", "id": "21087-5-5"}, "21409-0-1": {"orderid": 21409, "status": "collected", "perfid": "773", "price": 21, "changed": true, "type": "773-0", "id": "21409-0-1"}, "21409-0-0": {"orderid": 21409, "status": "collected", "perfid": "773", "price": 21, "changed": true, "type": "773-0", "id": "21409-0-0"}, "21196-3-0": {"orderid": 21196, "status": "collected", "type": "773-3", "price": 23, "changed": true, "perfid": "773", "id": "21196-3-0"}, "21266-3-1": {"orderid": 21266, "status": "collected", "type": "773-3", "price": 23, "changed": true, "perfid": "773", "id": "21266-3-1"}, "21506-0-1": {"orderid": 21506, "status": "collected", "perfid": "773", "price": 21, "changed": true, "type": "773-0", "id": "21506-0-1"}, "21506-0-0": {"orderid": 21506, "status": "collected", "perfid": "773", "price": 21, "changed": true, "type": "773-0", "id": "21506-0-0"}, "21475-0-0": {"orderid": 21475, "status": "collected", "perfid": "773", "price": 21, "changed": true, "type": "773-0", "id": "21475-0-0"}, "21241-3-8": {"orderid": 21241, "status": "collected", "type": "773-3", "price": 23, "changed": true, "perfid": "773", "id": "21241-3-8"}, "21087-5-2": {"orderid": 21087, "status": "collected", "perfid": "773", "price": 18.5, "changed": true, "type": "773-5", "id": "21087-5-2"}, "21159-0-1": {"orderid": 21159, "status": "collected", "type": "773-0", "price": 21, "changed": true, "perfid": "773", "id": "21159-0-1"}, "21159-0-0": {"orderid": 21159, "status": "collected", "type": "773-0", "price": 21, "changed": true, "perfid": "773", "id": "21159-0-0"}, "21505-0-0": {"orderid": 21505, "status": "collected", "perfid": "773", "price": 21, "changed": true, "type": "773-0", "id": "21505-0-0"}, "21467-0-1": {"orderid": 21467, "status": "collected", "perfid": "773", "price": 21, "changed": true, "type": "773-0", "id": "21467-0-1"}, "21193-4-0": {"orderid": 21193, "status": "collected", "type": "773-4", "price": 20.5, "changed": true, "perfid": "773", "id": "21193-4-0"}, "21241-3-0": {"orderid": 21241, "status": "collected", "perfid": "773", "price": 23, "changed": true, "type": "773-3", "id": "21241-3-0"}, "21489-0-0": {"orderid": 21489, "status": "collected", "type": "773-0", "price": 21, "changed": true, "perfid": "773", "id": "21489-0-0"}, "21459-0-0": {"orderid": 21459, "status": "collected", "perfid": "773", "price": 21, "changed": true, "type": "773-0", "id": "21459-0-0"}, "21241-3-3": {"orderid": 21241, "status": "collected", "perfid": "773", "price": 23, "changed": true, "type": "773-3", "id": "21241-3-3"}, "21244-3-1": {"orderid": 21244, "status": "collected", "type": "773-3", "price": 23, "changed": true, "perfid": "773", "id": "21244-3-1"}, "21244-3-0": {"orderid": 21244, "status": "collected", "type": "773-3", "price": 23, "changed": true, "perfid": "773", "id": "21244-3-0"}, "21159-1-0": {"orderid": 21159, "status": "collected", "type": "773-1", "price": 18.5, "changed": true, "perfid": "773", "id": "21159-1-0"}, "21159-1-1": {"orderid": 21159, "status": "collected", "type": "773-1", "price": 18.5, "changed": true, "perfid": "773", "id": "21159-1-1"}, "21473-1-2": {"orderid": 21473, "status": "collected", "type": "773-1", "price": 18.5, "changed": true, "perfid": "773", "id": "21473-1-2"}, "21473-1-1": {"orderid": 21473, "status": "collected", "type": "773-1", "price": 18.5, "changed": true, "perfid": "773", "id": "21473-1-1"}, "21473-1-0": {"orderid": 21473, "status": "collected", "type": "773-1", "price": 18.5, "changed": true, "perfid": "773", "id": "21473-1-0"}, "21474-2-1": {"orderid": 21474, "status": "collected", "perfid": "773", "price": 18.5, "changed": true, "type": "773-2", "id": "21474-2-1"}, "local-773-54763": {"orderid": "local", "status": "collected", "perfid": 773, "price": 18.5, "changed": true, "type": "773-2", "id": "local-773-54763"}, "21453-0-0": {"orderid": 21453, "status": "collected", "type": "773-0", "price": 21, "changed": true, "perfid": "773", "id": "21453-0-0"}, "21169-5-0": {"orderid": 21169, "status": "collected", "type": "773-5", "price": 20.5, "changed": true, "perfid": "773", "id": "21169-5-0"}, "21508-0-0": {"orderid": 21508, "status": "collected", "perfid": "773", "price": 21, "changed": true, "type": "773-0", "id": "21508-0-0"}, "21474-2-0": {"orderid": 21474, "status": "collected", "perfid": "773", "price": 18.5, "changed": true, "type": "773-2", "id": "21474-2-0"}, "21241-3-9": {"orderid": 21241, "status": "collected", "type": "773-3", "price": 23, "changed": true, "perfid": "773", "id": "21241-3-9"}, "21004-4-0": {"orderid": 21004, "status": "collected", "perfid": "773", "price": 18.5, "changed": true, "type": "773-4", "id": "21004-4-0"}, "21266-3-0": {"orderid": 21266, "status": "collected", "type": "773-3", "price": 23, "changed": true, "perfid": "773", "id": "21266-3-0"}, "21266-3-2": {"orderid": 21266, "status": "collected", "type": "773-3", "price": 23, "changed": true, "perfid": "773", "id": "21266-3-2"}, "21266-4-2": {"orderid": 21266, "status": "collected", "type": "773-4", "price": 20.5, "changed": true, "perfid": "773", "id": "21266-4-2"}, "21467-0-0": {"orderid": 21467, "status": "collected", "perfid": "773", "price": 21, "changed": true, "type": "773-0", "id": "21467-0-0"}, "21269-3-0": {"orderid": 21269, "status": "collected", "type": "773-3", "price": 23, "changed": true, "perfid": "773", "id": "21269-3-0"}, "21269-3-1": {"orderid": 21269, "status": "collected", "type": "773-3", "price": 23, "changed": true, "perfid": "773", "id": "21269-3-1"}, "21004-3-0": {"orderid": 21004, "status": "collected", "perfid": "773", "price": 21, "changed": true, "type": "773-3", "id": "21004-3-0"}, "21159-0-2": {"orderid": 21159, "status": "collected", "type": "773-0", "price": 21, "changed": true, "perfid": "773", "id": "21159-0-2"}}