{"21230-0-2": {"orderid": 21230, "status": "collected", "type": "774-0", "price": 17, "changed": true, "perfid": "774", "id": "21230-0-2"}, "21230-0-1": {"orderid": 21230, "status": "collected", "type": "774-0", "price": 17, "changed": true, "perfid": "774", "id": "21230-0-1"}, "21230-0-0": {"orderid": 21230, "status": "collected", "type": "774-0", "price": 17, "changed": true, "perfid": "774", "id": "21230-0-0"}, "21476-0-3": {"orderid": 21476, "status": "collected", "perfid": "774", "price": 17, "changed": true, "type": "774-0", "id": "21476-0-3"}, "21476-0-2": {"orderid": 21476, "status": "collected", "perfid": "774", "price": 17, "changed": true, "type": "774-0", "id": "21476-0-2"}, "21476-0-1": {"orderid": 21476, "status": "collected", "perfid": "774", "price": 17, "changed": true, "type": "774-0", "id": "21476-0-1"}, "21476-0-0": {"orderid": 21476, "status": "collected", "perfid": "774", "price": 17, "changed": true, "type": "774-0", "id": "21476-0-0"}, "21448-0-0": {"orderid": 21448, "status": "collected", "type": "774-0", "price": 17, "changed": true, "perfid": "774", "id": "21448-0-0"}, "21253-0-2": {"orderid": 21253, "status": "collected", "perfid": "774", "price": 17, "changed": true, "type": "774-0", "id": "21253-0-2"}, "21253-0-3": {"orderid": 21253, "status": "collected", "perfid": "774", "price": 17, "changed": true, "type": "774-0", "id": "21253-0-3"}, "21253-0-0": {"orderid": 21253, "status": "collected", "perfid": "774", "price": 17, "changed": true, "type": "774-0", "id": "21253-0-0"}, "21502-0-0": {"orderid": 21502, "status": "collected", "type": "774-0", "price": 17, "changed": true, "perfid": "774", "id": "21502-0-0"}, "21234-0-2": {"orderid": 21234, "status": "collected", "type": "774-0", "price": 17, "changed": true, "perfid": "774", "id": "21234-0-2"}, "21234-0-1": {"orderid": 21234, "status": "collected", "type": "774-0", "price": 17, "changed": true, "perfid": "774", "id": "21234-0-1"}, "21234-0-0": {"orderid": 21234, "status": "collected", "type": "774-0", "price": 17, "changed": true, "perfid": "774", "id": "21234-0-0"}, "21525-0-0": {"orderid": 21525, "status": "collected", "perfid": "774", "price": 17, "changed": true, "type": "774-0", "id": "21525-0-0"}, "21521-0-0": {"orderid": 21521, "status": "collected", "perfid": "774", "price": 17, "changed": true, "type": "774-0", "id": "21521-0-0"}, "21147-4-2": {"orderid": 21147, "status": "collected", "perfid": "774", "price": 16.5, "changed": true, "type": "774-4", "id": "21147-4-2"}, "21147-4-0": {"orderid": 21147, "status": "collected", "perfid": "774", "price": 16.5, "changed": true, "type": "774-4", "id": "21147-4-0"}, "21147-4-1": {"orderid": 21147, "status": "collected", "perfid": "774", "price": 16.5, "changed": true, "type": "774-4", "id": "21147-4-1"}, "21303-0-0": {"orderid": 21303, "status": "collected", "perfid": "774", "price": 17, "changed": true, "type": "774-0", "id": "21303-0-0"}, "20834-4-0": {"orderid": 20834, "status": "collected", "type": "774-4", "price": 14.5, "changed": true, "perfid": "774", "id": "20834-4-0"}, "20834-4-1": {"orderid": 20834, "status": "collected", "type": "774-4", "price": 14.5, "changed": true, "perfid": "774", "id": "20834-4-1"}, "21222-1-2": {"orderid": 21222, "status": "collected", "type": "774-1", "price": 14.5, "changed": true, "perfid": "774", "id": "21222-1-2"}, "21222-1-1": {"orderid": 21222, "status": "collected", "type": "774-1", "price": 14.5, "changed": true, "perfid": "774", "id": "21222-1-1"}, "21222-1-0": {"orderid": 21222, "status": "collected", "type": "774-1", "price": 14.5, "changed": true, "perfid": "774", "id": "21222-1-0"}, "21225-3-2": {"orderid": 21225, "status": "collected", "type": "774-3", "price": 19, "changed": true, "perfid": "774", "id": "21225-3-2"}, "21225-3-0": {"orderid": 21225, "status": "collected", "type": "774-3", "price": 19, "changed": true, "perfid": "774", "id": "21225-3-0"}, "21225-3-1": {"orderid": 21225, "status": "collected", "type": "774-3", "price": 19, "changed": true, "perfid": "774", "id": "21225-3-1"}, "20953-3-15": {"orderid": 20953, "status": "collected", "type": "774-3", "price": 17, "changed": true, "perfid": "774", "id": "20953-3-15"}, "20953-3-14": {"orderid": 20953, "status": "collected", "type": "774-3", "price": 17, "changed": true, "perfid": "774", "id": "20953-3-14"}, "20953-3-11": {"orderid": 20953, "status": "collected", "perfid": "774", "price": 17, "changed": true, "type": "774-3", "id": "20953-3-11"}, "20953-3-10": {"orderid": 20953, "status": "collected", "perfid": "774", "price": 17, "changed": true, "type": "774-3", "id": "20953-3-10"}, "20953-3-13": {"orderid": 20953, "status": "collected", "perfid": "774", "price": 17, "changed": true, "type": "774-3", "id": "20953-3-13"}, "20953-3-12": {"orderid": 20953, "status": "collected", "perfid": "774", "price": 17, "changed": true, "type": "774-3", "id": "20953-3-12"}, "20797-0-0": {"orderid": 20797, "status": "collected", "type": "774-0", "price": 17, "changed": true, "perfid": "774", "id": "20797-0-0"}, "20797-0-1": {"orderid": 20797, "status": "collected", "type": "774-0", "price": 17, "changed": true, "perfid": "774", "id": "20797-0-1"}, "20797-0-2": {"orderid": 20797, "status": "collected", "type": "774-0", "price": 17, "changed": true, "perfid": "774", "id": "20797-0-2"}, "21144-0-1": {"orderid": 21144, "status": "collected", "type": "774-0", "price": 17, "changed": true, "perfid": "774", "id": "21144-0-1"}, "21144-0-0": {"orderid": 21144, "status": "collected", "type": "774-0", "price": 17, "changed": true, "perfid": "774", "id": "21144-0-0"}, "21519-0-0": {"orderid": 21519, "status": "collected", "perfid": "774", "price": 17, "changed": true, "type": "774-0", "id": "21519-0-0"}, "21470-0-1": {"orderid": 21470, "status": "collected", "type": "774-0", "price": 17, "changed": true, "perfid": "774", "id": "21470-0-1"}, "21470-0-0": {"orderid": 21470, "status": "collected", "type": "774-0", "price": 17, "changed": true, "perfid": "774", "id": "21470-0-0"}, "21275-0-0": {"orderid": 21275, "status": "collected", "type": "774-0", "price": 17, "changed": true, "perfid": "774", "id": "21275-0-0"}, "21275-0-1": {"orderid": 21275, "status": "collected", "type": "774-0", "price": 17, "changed": true, "perfid": "774", "id": "21275-0-1"}, "21153-0-0": {"orderid": 21153, "status": "collected", "perfid": "774", "price": 17, "changed": true, "type": "774-0", "id": "21153-0-0"}, "21470-1-0": {"orderid": 21470, "status": "collected", "type": "774-1", "price": 14.5, "changed": true, "perfid": "774", "id": "21470-1-0"}, "21253-0-1": {"orderid": 21253, "status": "collected", "perfid": "774", "price": 17, "changed": true, "type": "774-0", "id": "21253-0-1"}, "21129-4-0": {"orderid": 21129, "status": "collected", "type": "774-4", "price": 16.5, "changed": true, "perfid": "774", "id": "21129-4-0"}, "21129-4-1": {"orderid": 21129, "status": "collected", "type": "774-4", "price": 16.5, "changed": true, "perfid": "774", "id": "21129-4-1"}, "21477-0-0": {"orderid": 21477, "status": "collected", "type": "774-0", "price": 17, "changed": true, "perfid": "774", "id": "21477-0-0"}, "21513-0-0": {"orderid": 21513, "status": "collected", "perfid": "774", "price": 17, "changed": true, "type": "774-0", "id": "21513-0-0"}, "21230-1-0": {"orderid": 21230, "status": "collected", "type": "774-1", "price": 14.5, "changed": true, "perfid": "774", "id": "21230-1-0"}, "21230-1-1": {"orderid": 21230, "status": "collected", "type": "774-1", "price": 14.5, "changed": true, "perfid": "774", "id": "21230-1-1"}, "21461-0-1": {"orderid": 21461, "status": "collected", "type": "774-0", "price": 17, "changed": true, "perfid": "774", "id": "21461-0-1"}, "21461-0-0": {"orderid": 21461, "status": "collected", "type": "774-0", "price": 17, "changed": true, "perfid": "774", "id": "21461-0-0"}, "21256-0-3": {"orderid": 21256, "status": "collected", "perfid": "774", "price": 17, "changed": true, "type": "774-0", "id": "21256-0-3"}, "21256-0-2": {"orderid": 21256, "status": "collected", "perfid": "774", "price": 17, "changed": true, "type": "774-0", "id": "21256-0-2"}, "21256-0-1": {"orderid": 21256, "status": "collected", "perfid": "774", "price": 17, "changed": true, "type": "774-0", "id": "21256-0-1"}, "21256-0-0": {"orderid": 21256, "status": "collected", "perfid": "774", "price": 17, "changed": true, "type": "774-0", "id": "21256-0-0"}, "21173-0-0": {"orderid": 21173, "status": "collected", "perfid": "774", "price": 17, "changed": true, "type": "774-0", "id": "21173-0-0"}, "21315-0-0": {"orderid": 21315, "status": "collected", "perfid": "774", "price": 17, "changed": true, "type": "774-0", "id": "21315-0-0"}, "local-774-82143": {"orderid": "local", "status": "collected", "type": "774-0", "price": 17, "changed": true, "perfid": 774, "id": "local-774-82143"}, "21303-1-0": {"orderid": 21303, "status": "collected", "perfid": "774", "price": 14.5, "changed": true, "type": "774-1", "id": "21303-1-0"}, "21389-0-0": {"orderid": 21389, "status": "collected", "type": "774-0", "price": 17, "changed": true, "perfid": "774", "id": "21389-0-0"}, "21389-0-1": {"orderid": 21389, "status": "collected", "type": "774-0", "price": 17, "changed": true, "perfid": "774", "id": "21389-0-1"}, "21520-2-0": {"orderid": 21520, "status": "collected", "perfid": "774", "price": 14.5, "changed": true, "type": "774-2", "id": "21520-2-0"}, "21451-0-0": {"orderid": 21451, "status": "collected", "type": "774-0", "price": 17, "changed": true, "perfid": "774", "id": "21451-0-0"}, "21518-0-0": {"orderid": 21518, "status": "collected", "perfid": "774", "price": 17, "changed": true, "type": "774-0", "id": "21518-0-0"}, "21254-5-0": {"orderid": 21254, "status": "collected", "perfid": "774", "price": 16.5, "changed": true, "type": "774-5", "id": "21254-5-0"}, "21254-5-1": {"orderid": 21254, "status": "collected", "perfid": "774", "price": 16.5, "changed": true, "type": "774-5", "id": "21254-5-1"}, "20857-4-3": {"orderid": 20857, "status": "collected", "perfid": "774", "price": 14.5, "changed": true, "type": "774-4", "id": "20857-4-3"}, "20857-4-2": {"orderid": 20857, "status": "collected", "perfid": "774", "price": 14.5, "changed": true, "type": "774-4", "id": "20857-4-2"}, "20857-4-1": {"orderid": 20857, "status": "collected", "perfid": "774", "price": 14.5, "changed": true, "type": "774-4", "id": "20857-4-1"}, "20857-4-0": {"orderid": 20857, "status": "collected", "perfid": "774", "price": 14.5, "changed": true, "type": "774-4", "id": "20857-4-0"}, "21457-3-0": {"orderid": 21457, "status": "collected", "perfid": "774", "price": 19, "changed": true, "type": "774-3", "id": "21457-3-0"}, "20953-3-5": {"orderid": 20953, "status": "collected", "perfid": "774", "price": 17, "changed": true, "type": "774-3", "id": "20953-3-5"}, "20953-3-4": {"orderid": 20953, "status": "collected", "perfid": "774", "price": 17, "changed": true, "type": "774-3", "id": "20953-3-4"}, "20953-3-7": {"orderid": 20953, "status": "collected", "type": "774-3", "price": 17, "changed": true, "perfid": "774", "id": "20953-3-7"}, "20953-3-6": {"orderid": 20953, "status": "collected", "perfid": "774", "price": 17, "changed": true, "type": "774-3", "id": "20953-3-6"}, "20953-3-1": {"orderid": 20953, "status": "collected", "perfid": "774", "price": 17, "changed": true, "type": "774-3", "id": "20953-3-1"}, "21478-0-0": {"orderid": 21478, "status": "collected", "type": "774-0", "price": 17, "changed": true, "perfid": "774", "id": "21478-0-0"}, "20953-3-3": {"orderid": 20953, "status": "collected", "perfid": "774", "price": 17, "changed": true, "type": "774-3", "id": "20953-3-3"}, "20953-3-2": {"orderid": 20953, "status": "collected", "perfid": "774", "price": 17, "changed": true, "type": "774-3", "id": "20953-3-2"}, "20953-4-0": {"orderid": 20953, "status": "collected", "perfid": "774", "price": 14.5, "changed": true, "type": "774-4", "id": "20953-4-0"}, "20953-3-9": {"orderid": 20953, "status": "collected", "type": "774-3", "price": 17, "changed": true, "perfid": "774", "id": "20953-3-9"}, "20953-3-8": {"orderid": 20953, "status": "collected", "type": "774-3", "price": 17, "changed": true, "perfid": "774", "id": "20953-3-8"}, "20953-3-0": {"orderid": 20953, "status": "collected", "type": "774-3", "price": 17, "changed": true, "perfid": "774", "id": "20953-3-0"}, "21224-3-1": {"orderid": 21224, "status": "collected", "perfid": "774", "price": 19, "changed": true, "type": "774-3", "id": "21224-3-1"}, "21224-3-0": {"orderid": 21224, "status": "collected", "perfid": "774", "price": 19, "changed": true, "type": "774-3", "id": "21224-3-0"}, "21510-0-2": {"orderid": 21510, "status": "collected", "type": "774-0", "price": 17, "changed": true, "perfid": "774", "id": "21510-0-2"}, "21510-0-0": {"orderid": 21510, "status": "collected", "type": "774-0", "price": 17, "changed": true, "perfid": "774", "id": "21510-0-0"}, "21510-0-1": {"orderid": 21510, "status": "collected", "type": "774-0", "price": 17, "changed": true, "perfid": "774", "id": "21510-0-1"}, "21229-0-1": {"orderid": 21229, "status": "collected", "perfid": "774", "price": 17, "changed": true, "type": "774-0", "id": "21229-0-1"}, "21229-0-0": {"orderid": 21229, "status": "collected", "perfid": "774", "price": 17, "changed": true, "type": "774-0", "id": "21229-0-0"}, "21229-0-2": {"orderid": 21229, "status": "collected", "perfid": "774", "price": 17, "changed": true, "type": "774-0", "id": "21229-0-2"}}