{"21539-0-1": {"orderid": 21539, "status": "collected", "type": "775-0", "price": 17, "changed": true, "perfid": "775", "id": "21539-0-1"}, "21539-0-0": {"orderid": 21539, "status": "collected", "type": "775-0", "price": 17, "changed": true, "perfid": "775", "id": "21539-0-0"}, "21297-4-2": {"orderid": 21297, "status": "collected", "perfid": "775", "price": 16.5, "changed": true, "type": "775-4", "id": "21297-4-2"}, "21297-4-3": {"orderid": 21297, "status": "collected", "perfid": "775", "price": 16.5, "changed": true, "type": "775-4", "id": "21297-4-3"}, "21297-4-0": {"orderid": 21297, "status": "collected", "perfid": "775", "price": 16.5, "changed": true, "type": "775-4", "id": "21297-4-0"}, "21348-4-0": {"orderid": 21348, "status": "collected", "type": "775-4", "price": 16.5, "changed": true, "perfid": "775", "id": "21348-4-0"}, "21514-3-1": {"orderid": 21514, "status": "collected", "type": "775-3", "price": 19, "changed": true, "perfid": "775", "id": "21514-3-1"}, "20772-4-0": {"orderid": 20772, "status": "collected", "type": "775-4", "price": 14.5, "changed": true, "perfid": "775", "id": "20772-4-0"}, "21514-3-0": {"orderid": 21514, "status": "collected", "type": "775-3", "price": 19, "changed": true, "perfid": "775", "id": "21514-3-0"}, "21538-0-0": {"orderid": 21538, "status": "collected", "perfid": "775", "price": 17, "changed": true, "type": "775-0", "id": "21538-0-0"}, "21482-0-0": {"orderid": 21482, "status": "collected", "perfid": "775", "price": 17, "changed": true, "type": "775-0", "id": "21482-0-0"}, "21482-0-1": {"orderid": 21482, "status": "collected", "perfid": "775", "price": 17, "changed": true, "type": "775-0", "id": "21482-0-1"}, "21294-4-1": {"orderid": 21294, "status": "collected", "type": "775-4", "price": 16.5, "changed": true, "perfid": "775", "id": "21294-4-1"}, "21543-0-0": {"orderid": 21543, "status": "collected", "perfid": "775", "price": 17, "changed": true, "type": "775-0", "id": "21543-0-0"}, "21294-4-2": {"orderid": 21294, "status": "collected", "type": "775-4", "price": 16.5, "changed": true, "perfid": "775", "id": "21294-4-2"}, "local-775-62017": {"orderid": "local", "status": "collected", "perfid": 775, "price": 14.5, "changed": true, "type": "775-1", "id": "local-775-62017"}, "21533-0-0": {"orderid": 21533, "status": "collected", "type": "775-0", "price": 17, "changed": true, "perfid": "775", "id": "21533-0-0"}, "21535-0-1": {"orderid": 21535, "status": "collected", "type": "775-0", "price": 17, "changed": true, "perfid": "775", "id": "21535-0-1"}, "21535-0-0": {"orderid": 21535, "status": "collected", "type": "775-0", "price": 17, "changed": true, "perfid": "775", "id": "21535-0-0"}, "21542-0-0": {"orderid": 21542, "status": "collected", "perfid": "775", "price": 17, "changed": true, "type": "775-0", "id": "21542-0-0"}, "21065-4-3": {"orderid": 21065, "status": "collected", "perfid": "775", "price": 14.5, "changed": true, "type": "775-4", "id": "21065-4-3"}, "local-775-47445": {"orderid": "local", "status": "collected", "perfid": 775, "price": 14.5, "changed": true, "type": "775-1", "id": "local-775-47445"}, "21065-4-1": {"orderid": 21065, "status": "collected", "perfid": "775", "price": 14.5, "changed": true, "type": "775-4", "id": "21065-4-1"}, "21065-4-0": {"orderid": 21065, "status": "collected", "perfid": "775", "price": 14.5, "changed": true, "type": "775-4", "id": "21065-4-0"}, "21387-0-0": {"orderid": 21387, "status": "collected", "type": "775-0", "price": 17, "changed": true, "perfid": "775", "id": "21387-0-0"}, "21387-0-1": {"orderid": 21387, "status": "collected", "type": "775-0", "price": 17, "changed": true, "perfid": "775", "id": "21387-0-1"}, "21524-3-2": {"orderid": 21524, "status": "collected", "perfid": "775", "price": 19, "changed": true, "type": "775-3", "id": "21524-3-2"}, "21297-4-1": {"orderid": 21297, "status": "collected", "perfid": "775", "price": 16.5, "changed": true, "type": "775-4", "id": "21297-4-1"}, "21534-0-0": {"orderid": 21534, "status": "collected", "perfid": "775", "price": 17, "changed": true, "type": "775-0", "id": "21534-0-0"}, "21534-0-1": {"orderid": 21534, "status": "collected", "perfid": "775", "price": 17, "changed": true, "type": "775-0", "id": "21534-0-1"}, "21485-3-0": {"orderid": 21485, "status": "collected", "perfid": "775", "price": 19, "changed": true, "type": "775-3", "id": "21485-3-0"}, "21485-3-1": {"orderid": 21485, "status": "collected", "perfid": "775", "price": 19, "changed": true, "type": "775-3", "id": "21485-3-1"}, "21504-0-0": {"orderid": 21504, "status": "collected", "type": "775-0", "price": 17, "changed": true, "perfid": "775", "id": "21504-0-0"}, "20978-4-0": {"orderid": 20978, "status": "collected", "type": "775-4", "price": 14.5, "changed": true, "perfid": "775", "id": "20978-4-0"}, "21531-0-1": {"orderid": 21531, "status": "collected", "type": "775-0", "price": 17, "changed": true, "perfid": "775", "id": "21531-0-1"}, "21531-0-0": {"orderid": 21531, "status": "collected", "type": "775-0", "price": 17, "changed": true, "perfid": "775", "id": "21531-0-0"}, "21147-4-0": {"orderid": 21147, "status": "collected", "type": "775-4", "price": 16.5, "changed": true, "perfid": "775", "id": "21147-4-0"}, "21147-4-1": {"orderid": 21147, "status": "collected", "type": "775-4", "price": 16.5, "changed": true, "perfid": "775", "id": "21147-4-1"}, "21526-0-0": {"orderid": 21526, "status": "collected", "perfid": "775", "price": 17, "changed": true, "type": "775-0", "id": "21526-0-0"}, "21246-4-0": {"orderid": 21246, "status": "collected", "perfid": "775", "price": 16.5, "changed": true, "type": "775-4", "id": "21246-4-0"}, "21065-4-2": {"orderid": 21065, "status": "collected", "perfid": "775", "price": 14.5, "changed": true, "type": "775-4", "id": "21065-4-2"}, "21530-0-0": {"orderid": 21530, "status": "collected", "type": "775-0", "price": 17, "changed": true, "perfid": "775", "id": "21530-0-0"}, "21516-3-0": {"orderid": 21516, "status": "collected", "perfid": "775", "price": 19, "changed": true, "type": "775-3", "id": "21516-3-0"}, "21278-1-0": {"orderid": 21278, "status": "collected", "type": "775-1", "price": 14.5, "changed": true, "perfid": "775", "id": "21278-1-0"}, "21420-1-0": {"orderid": 21420, "status": "collected", "type": "775-1", "price": 14.5, "changed": true, "perfid": "775", "id": "21420-1-0"}, "21157-0-1": {"orderid": 21157, "status": "collected", "type": "775-0", "price": 17, "changed": true, "perfid": "775", "id": "21157-0-1"}, "21157-0-0": {"orderid": 21157, "status": "collected", "type": "775-0", "price": 17, "changed": true, "perfid": "775", "id": "21157-0-0"}, "21524-4-1": {"orderid": 21524, "status": "collected", "perfid": "775", "price": 16.5, "changed": true, "type": "775-4", "id": "21524-4-1"}, "21524-4-0": {"orderid": 21524, "status": "collected", "perfid": "775", "price": 16.5, "changed": true, "type": "775-4", "id": "21524-4-0"}, "21088-4-0": {"orderid": 21088, "status": "collected", "perfid": "775", "price": 14.5, "changed": true, "type": "775-4", "id": "21088-4-0"}, "21310-0-0": {"orderid": 21310, "status": "collected", "type": "775-0", "price": 17, "changed": true, "perfid": "775", "id": "21310-0-0"}, "21172-0-0": {"orderid": 21172, "status": "collected", "perfid": "775", "price": 17, "changed": true, "type": "775-0", "id": "21172-0-0"}, "21172-0-1": {"orderid": 21172, "status": "collected", "perfid": "775", "price": 17, "changed": true, "type": "775-0", "id": "21172-0-1"}, "21441-0-1": {"orderid": 21441, "status": "collected", "perfid": "775", "price": 17, "changed": true, "type": "775-0", "id": "21441-0-1"}, "21167-1-0": {"orderid": 21167, "status": "collected", "perfid": "775", "price": 14.5, "changed": true, "type": "775-1", "id": "21167-1-0"}, "21205-1-0": {"orderid": 21205, "status": "collected", "type": "775-1", "price": 14.5, "changed": true, "perfid": "775", "id": "21205-1-0"}, "21205-1-1": {"orderid": 21205, "status": "collected", "type": "775-1", "price": 14.5, "changed": true, "perfid": "775", "id": "21205-1-1"}, "local-775-19991": {"orderid": "local", "status": "collected", "perfid": 775, "price": 17, "changed": true, "type": "775-0", "id": "local-775-19991"}, "21248-0-0": {"orderid": 21248, "status": "collected", "type": "775-0", "price": 17, "changed": true, "perfid": "775", "id": "21248-0-0"}, "21248-0-1": {"orderid": 21248, "status": "collected", "type": "775-0", "price": 17, "changed": true, "perfid": "775", "id": "21248-0-1"}, "21540-0-1": {"orderid": 21540, "status": "collected", "type": "775-0", "price": 17, "changed": true, "perfid": "775", "id": "21540-0-1"}, "21213-4-0": {"orderid": 21213, "status": "collected", "perfid": "775", "price": 16.5, "changed": true, "type": "775-4", "id": "21213-4-0"}, "21537-0-0": {"orderid": 21537, "status": "collected", "perfid": "775", "price": 17, "changed": true, "type": "775-0", "id": "21537-0-0"}, "21527-0-0": {"orderid": 21527, "status": "collected", "perfid": "775", "price": 17, "changed": true, "type": "775-0", "id": "21527-0-0"}, "21490-4-0": {"orderid": 21490, "status": "collected", "type": "775-4", "price": 16.5, "changed": true, "perfid": "775", "id": "21490-4-0"}, "21529-0-1": {"orderid": 21529, "status": "collected", "type": "775-0", "price": 17, "changed": true, "perfid": "775", "id": "21529-0-1"}, "21172-0-3": {"orderid": 21172, "status": "collected", "perfid": "775", "price": 17, "changed": true, "type": "775-0", "id": "21172-0-3"}, "21213-4-1": {"orderid": 21213, "status": "collected", "perfid": "775", "price": 16.5, "changed": true, "type": "775-4", "id": "21213-4-1"}, "21540-0-0": {"orderid": 21540, "status": "collected", "type": "775-0", "price": 17, "changed": true, "perfid": "775", "id": "21540-0-0"}, "21541-0-0": {"orderid": 21541, "status": "collected", "type": "775-0", "price": 17, "changed": true, "perfid": "775", "id": "21541-0-0"}, "21541-0-1": {"orderid": 21541, "status": "collected", "type": "775-0", "price": 17, "changed": true, "perfid": "775", "id": "21541-0-1"}, "21536-0-0": {"orderid": 21536, "status": "collected", "type": "775-0", "price": 17, "changed": true, "perfid": "775", "id": "21536-0-0"}, "20978-3-0": {"orderid": 20978, "status": "collected", "type": "775-3", "price": 17, "changed": true, "perfid": "775", "id": "20978-3-0"}, "21524-3-0": {"orderid": 21524, "status": "collected", "perfid": "775", "price": 19, "changed": true, "type": "775-3", "id": "21524-3-0"}, "21490-3-0": {"orderid": 21490, "status": "collected", "type": "775-3", "price": 19, "changed": true, "perfid": "775", "id": "21490-3-0"}, "21529-0-0": {"orderid": 21529, "status": "collected", "type": "775-0", "price": 17, "changed": true, "perfid": "775", "id": "21529-0-0"}, "21524-3-1": {"orderid": 21524, "status": "collected", "perfid": "775", "price": 19, "changed": true, "type": "775-3", "id": "21524-3-1"}, "21172-0-2": {"orderid": 21172, "status": "collected", "perfid": "775", "price": 17, "changed": true, "type": "775-0", "id": "21172-0-2"}, "21246-4-1": {"orderid": 21246, "status": "collected", "perfid": "775", "price": 16.5, "changed": true, "type": "775-4", "id": "21246-4-1"}, "local-775-76054": {"orderid": "local", "status": "collected", "perfid": 775, "price": 17, "changed": true, "type": "775-0", "id": "local-775-76054"}, "21532-0-0": {"orderid": 21532, "status": "collected", "perfid": "775", "price": 17, "changed": true, "type": "775-0", "id": "21532-0-0"}, "21441-0-0": {"orderid": 21441, "status": "collected", "perfid": "775", "price": 17, "changed": true, "type": "775-0", "id": "21441-0-0"}, "21294-4-0": {"orderid": 21294, "status": "collected", "type": "775-4", "price": 16.5, "changed": true, "perfid": "775", "id": "21294-4-0"}}