{"local-776-91815": {"orderid": "local", "status": "collected", "type": "776-1", "price": 14.5, "changed": true, "perfid": 776, "id": "local-776-91815"}, "21251-4-0": {"orderid": 21251, "status": "collected", "perfid": "776", "price": 16.5, "changed": true, "type": "776-4", "id": "21251-4-0"}, "local-776-57161": {"orderid": "local", "status": "collected", "type": "776-0", "price": 17, "changed": true, "perfid": 776, "id": "local-776-57161"}, "21163-2-0": {"orderid": 21163, "status": "collected", "perfid": "776", "price": 14.5, "changed": true, "type": "776-2", "id": "21163-2-0"}, "21486-0-0": {"orderid": 21486, "status": "collected", "type": "776-0", "price": 17, "changed": true, "perfid": "776", "id": "21486-0-0"}, "21486-0-1": {"orderid": 21486, "status": "collected", "type": "776-0", "price": 17, "changed": true, "perfid": "776", "id": "21486-0-1"}, "21494-0-0": {"orderid": 21494, "status": "collected", "type": "776-0", "price": 17, "changed": true, "perfid": "776", "id": "21494-0-0"}, "20990-4-0": {"orderid": 20990, "status": "collected", "type": "776-4", "price": 14.5, "changed": true, "perfid": "776", "id": "20990-4-0"}, "20990-3-2": {"orderid": 20990, "status": "collected", "type": "776-3", "price": 17, "changed": true, "perfid": "776", "id": "20990-3-2"}, "20990-3-0": {"orderid": 20990, "status": "collected", "type": "776-3", "price": 17, "changed": true, "perfid": "776", "id": "20990-3-0"}, "20990-3-1": {"orderid": 20990, "status": "collected", "type": "776-3", "price": 17, "changed": true, "perfid": "776", "id": "20990-3-1"}, "21181-4-0": {"orderid": 21181, "status": "collected", "type": "776-4", "price": 16.5, "changed": true, "perfid": "776", "id": "21181-4-0"}, "21126-3-4": {"orderid": 21126, "status": "collected", "type": "776-3", "price": 19, "changed": true, "perfid": "776", "id": "21126-3-4"}, "21126-3-5": {"orderid": 21126, "status": "collected", "type": "776-3", "price": 19, "changed": true, "perfid": "776", "id": "21126-3-5"}, "21126-3-2": {"orderid": 21126, "status": "collected", "type": "776-3", "price": 19, "changed": true, "perfid": "776", "id": "21126-3-2"}, "21126-3-3": {"orderid": 21126, "status": "collected", "type": "776-3", "price": 19, "changed": true, "perfid": "776", "id": "21126-3-3"}, "21126-3-0": {"orderid": 21126, "status": "collected", "type": "776-3", "price": 19, "changed": true, "perfid": "776", "id": "21126-3-0"}, "21126-3-1": {"orderid": 21126, "status": "collected", "type": "776-3", "price": 19, "changed": true, "perfid": "776", "id": "21126-3-1"}, "21036-3-0": {"orderid": 21036, "status": "collected", "perfid": "776", "price": 17, "changed": true, "type": "776-3", "id": "21036-3-0"}, "21249-0-0": {"orderid": 21249, "status": "collected", "type": "776-0", "price": 17, "changed": true, "perfid": "776", "id": "21249-0-0"}, "21405-0-0": {"orderid": 21405, "status": "collected", "perfid": "776", "price": 17, "changed": true, "type": "776-0", "id": "21405-0-0"}, "21142-3-0": {"orderid": 21142, "status": "collected", "type": "776-3", "price": 19, "changed": true, "perfid": "776", "id": "21142-3-0"}, "21511-0-0": {"orderid": 21511, "status": "collected", "type": "776-0", "price": 17, "changed": true, "perfid": "776", "id": "21511-0-0"}, "21522-0-0": {"orderid": 21522, "status": "collected", "type": "776-0", "price": 17, "changed": true, "perfid": "776", "id": "21522-0-0"}, "21036-4-0": {"orderid": 21036, "status": "collected", "perfid": "776", "price": 14.5, "changed": true, "type": "776-4", "id": "21036-4-0"}, "21528-1-0": {"orderid": 21528, "status": "collected", "perfid": "776", "price": 14.5, "changed": true, "type": "776-1", "id": "21528-1-0"}, "21528-1-1": {"orderid": 21528, "status": "collected", "perfid": "776", "price": 14.5, "changed": true, "type": "776-1", "id": "21528-1-1"}, "21481-0-1": {"orderid": 21481, "status": "collected", "type": "776-0", "price": 17, "changed": true, "perfid": "776", "id": "21481-0-1"}, "21481-0-0": {"orderid": 21481, "status": "collected", "type": "776-0", "price": 17, "changed": true, "perfid": "776", "id": "21481-0-0"}, "21481-0-3": {"orderid": 21481, "status": "collected", "type": "776-0", "price": 17, "changed": true, "perfid": "776", "id": "21481-0-3"}, "21481-0-2": {"orderid": 21481, "status": "collected", "type": "776-0", "price": 17, "changed": true, "perfid": "776", "id": "21481-0-2"}, "21481-0-5": {"orderid": 21481, "status": "collected", "type": "776-0", "price": 17, "changed": true, "perfid": "776", "id": "21481-0-5"}, "21481-0-4": {"orderid": 21481, "status": "collected", "type": "776-0", "price": 17, "changed": true, "perfid": "776", "id": "21481-0-4"}, "21307-1-2": {"orderid": 21307, "status": "collected", "type": "776-1", "price": 14.5, "changed": true, "perfid": "776", "id": "21307-1-2"}, "21267-3-1": {"orderid": 21267, "status": "collected", "type": "776-3", "price": 19, "changed": true, "perfid": "776", "id": "21267-3-1"}, "21183-3-1": {"orderid": 21183, "status": "collected", "type": "776-3", "price": 19, "changed": true, "perfid": "776", "id": "21183-3-1"}, "21183-3-0": {"orderid": 21183, "status": "collected", "type": "776-3", "price": 19, "changed": true, "perfid": "776", "id": "21183-3-0"}, "21439-0-0": {"orderid": 21439, "status": "collected", "perfid": "776", "price": 17, "changed": true, "type": "776-0", "id": "21439-0-0"}, "21183-4-0": {"orderid": 21183, "status": "collected", "type": "776-4", "price": 16.5, "changed": true, "perfid": "776", "id": "21183-4-0"}, "local-776-27885": {"orderid": "local", "status": "collected", "perfid": 776, "price": 14.5, "changed": true, "type": "776-1", "id": "local-776-27885"}, "21181-4-1": {"orderid": 21181, "status": "collected", "type": "776-4", "price": 16.5, "changed": true, "perfid": "776", "id": "21181-4-1"}, "local-776-66230": {"orderid": "local", "status": "collected", "type": "776-1", "price": 14.5, "changed": true, "perfid": 776, "id": "local-776-66230"}, "21156-3-1": {"orderid": 21156, "status": "collected", "type": "776-3", "price": 19, "changed": true, "perfid": "776", "id": "21156-3-1"}, "21156-3-0": {"orderid": 21156, "status": "collected", "type": "776-3", "price": 19, "changed": true, "perfid": "776", "id": "21156-3-0"}, "21251-3-0": {"orderid": 21251, "status": "collected", "perfid": "776", "price": 19, "changed": true, "type": "776-3", "id": "21251-3-0"}, "local-776-24234": {"orderid": "local", "status": "collected", "perfid": 776, "price": 17, "changed": true, "type": "776-0", "id": "local-776-24234"}, "21184-1-0": {"orderid": 21184, "status": "collected", "type": "776-1", "price": 14.5, "changed": true, "perfid": "776", "id": "21184-1-0"}, "21544-0-0": {"orderid": 21544, "status": "collected", "perfid": "776", "price": 17, "changed": true, "type": "776-0", "id": "21544-0-0"}, "local-776-88265": {"orderid": "local", "status": "collected", "perfid": 776, "price": 17, "changed": true, "type": "776-0", "id": "local-776-88265"}, "21545-0-0": {"orderid": 21545, "status": "collected", "type": "776-0", "price": 17, "changed": true, "perfid": "776", "id": "21545-0-0"}, "21545-0-1": {"orderid": 21545, "status": "collected", "type": "776-0", "price": 17, "changed": true, "perfid": "776", "id": "21545-0-1"}, "21110-3-1": {"orderid": 21110, "status": "collected", "type": "776-3", "price": 19, "changed": true, "perfid": "776", "id": "21110-3-1"}, "21110-3-0": {"orderid": 21110, "status": "collected", "type": "776-3", "price": 19, "changed": true, "perfid": "776", "id": "21110-3-0"}, "21174-3-1": {"orderid": 21174, "status": "collected", "type": "776-3", "price": 19, "changed": true, "perfid": "776", "id": "21174-3-1"}, "21174-3-0": {"orderid": 21174, "status": "collected", "type": "776-3", "price": 19, "changed": true, "perfid": "776", "id": "21174-3-0"}, "21512-0-0": {"orderid": 21512, "status": "collected", "type": "776-0", "price": 17, "changed": true, "perfid": "776", "id": "21512-0-0"}, "21512-0-1": {"orderid": 21512, "status": "collected", "type": "776-0", "price": 17, "changed": true, "perfid": "776", "id": "21512-0-1"}, "21238-0-3": {"orderid": 21238, "status": "collected", "perfid": "776", "price": 17, "changed": true, "type": "776-0", "id": "21238-0-3"}, "21238-0-2": {"orderid": 21238, "status": "collected", "perfid": "776", "price": 17, "changed": true, "type": "776-0", "id": "21238-0-2"}, "21238-0-1": {"orderid": 21238, "status": "collected", "perfid": "776", "price": 17, "changed": true, "type": "776-0", "id": "21238-0-1"}, "21238-0-0": {"orderid": 21238, "status": "collected", "perfid": "776", "price": 17, "changed": true, "type": "776-0", "id": "21238-0-0"}, "21307-1-1": {"orderid": 21307, "status": "collected", "type": "776-1", "price": 14.5, "changed": true, "perfid": "776", "id": "21307-1-1"}, "21307-1-0": {"orderid": 21307, "status": "collected", "type": "776-1", "price": 14.5, "changed": true, "perfid": "776", "id": "21307-1-0"}, "21238-0-5": {"orderid": 21238, "status": "collected", "perfid": "776", "price": 17, "changed": true, "type": "776-0", "id": "21238-0-5"}, "21238-0-4": {"orderid": 21238, "status": "collected", "perfid": "776", "price": 17, "changed": true, "type": "776-0", "id": "21238-0-4"}, "21132-3-5": {"orderid": 21132, "status": "collected", "type": "776-3", "price": 19, "changed": true, "perfid": "776", "id": "21132-3-5"}, "21522-2-0": {"orderid": 21522, "status": "collected", "type": "776-2", "price": 14.5, "changed": true, "perfid": "776", "id": "21522-2-0"}, "21295-0-1": {"orderid": 21295, "status": "collected", "type": "776-0", "price": 17, "changed": true, "perfid": "776", "id": "21295-0-1"}, "21118-0-0": {"orderid": 21118, "status": "collected", "perfid": "776", "price": 17, "changed": true, "type": "776-0", "id": "21118-0-0"}, "21118-0-1": {"orderid": 21118, "status": "collected", "perfid": "776", "price": 17, "changed": true, "type": "776-0", "id": "21118-0-1"}, "21142-5-0": {"orderid": 21142, "status": "collected", "type": "776-5", "price": 16.5, "changed": true, "perfid": "776", "id": "21142-5-0"}, "local-776-97742": {"orderid": "local", "status": "collected", "type": "776-0", "price": 17, "changed": true, "perfid": 776, "id": "local-776-97742"}, "21117-0-1": {"orderid": 21117, "status": "collected", "perfid": "776", "price": 17, "changed": true, "type": "776-0", "id": "21117-0-1"}, "21117-0-0": {"orderid": 21117, "status": "collected", "perfid": "776", "price": 17, "changed": true, "type": "776-0", "id": "21117-0-0"}, "21181-4-2": {"orderid": 21181, "status": "collected", "type": "776-4", "price": 16.5, "changed": true, "perfid": "776", "id": "21181-4-2"}, "21267-3-0": {"orderid": 21267, "status": "collected", "type": "776-3", "price": 19, "changed": true, "perfid": "776", "id": "21267-3-0"}, "21307-1-3": {"orderid": 21307, "status": "collected", "type": "776-1", "price": 14.5, "changed": true, "perfid": "776", "id": "21307-1-3"}, "21282-2-2": {"orderid": 21282, "status": "collected", "type": "776-2", "price": 14.5, "changed": true, "perfid": "776", "id": "21282-2-2"}, "21282-2-0": {"orderid": 21282, "status": "collected", "type": "776-2", "price": 14.5, "changed": true, "perfid": "776", "id": "21282-2-0"}, "21282-2-1": {"orderid": 21282, "status": "collected", "type": "776-2", "price": 14.5, "changed": true, "perfid": "776", "id": "21282-2-1"}, "local-776-96453": {"orderid": "local", "status": "collected", "perfid": 776, "price": 17, "changed": true, "type": "776-0", "id": "local-776-96453"}, "local-776-95448": {"orderid": "local", "status": "collected", "type": "776-0", "price": 17, "changed": true, "perfid": 776, "id": "local-776-95448"}, "21438-1-0": {"orderid": 21438, "status": "collected", "type": "776-1", "price": 14.5, "changed": true, "perfid": "776", "id": "21438-1-0"}, "21503-0-0": {"orderid": 21503, "status": "collected", "type": "776-0", "price": 17, "changed": true, "perfid": "776", "id": "21503-0-0"}, "21503-0-1": {"orderid": 21503, "status": "collected", "type": "776-0", "price": 17, "changed": true, "perfid": "776", "id": "21503-0-1"}, "21122-3-0": {"orderid": 21122, "status": "collected", "type": "776-3", "price": 19, "changed": true, "perfid": "776", "id": "21122-3-0"}, "21122-3-1": {"orderid": 21122, "status": "collected", "type": "776-3", "price": 19, "changed": true, "perfid": "776", "id": "21122-3-1"}, "21469-0-1": {"orderid": 21469, "status": "collected", "type": "776-0", "price": 17, "changed": true, "perfid": "776", "id": "21469-0-1"}, "21469-0-0": {"orderid": 21469, "status": "collected", "type": "776-0", "price": 17, "changed": true, "perfid": "776", "id": "21469-0-0"}, "21523-0-0": {"orderid": 21523, "status": "collected", "type": "776-0", "price": 17, "changed": true, "perfid": "776", "id": "21523-0-0"}, "21440-3-0": {"orderid": 21440, "status": "collected", "type": "776-3", "price": 19, "changed": true, "perfid": "776", "id": "21440-3-0"}, "21295-0-0": {"orderid": 21295, "status": "collected", "type": "776-0", "price": 17, "changed": true, "perfid": "776", "id": "21295-0-0"}, "21132-3-4": {"orderid": 21132, "status": "collected", "type": "776-3", "price": 19, "changed": true, "perfid": "776", "id": "21132-3-4"}, "21132-3-1": {"orderid": 21132, "status": "collected", "type": "776-3", "price": 19, "changed": true, "perfid": "776", "id": "21132-3-1"}, "21132-3-0": {"orderid": 21132, "status": "collected", "type": "776-3", "price": 19, "changed": true, "perfid": "776", "id": "21132-3-0"}, "21132-3-3": {"orderid": 21132, "status": "collected", "type": "776-3", "price": 19, "changed": true, "perfid": "776", "id": "21132-3-3"}, "21132-3-2": {"orderid": 21132, "status": "collected", "type": "776-3", "price": 19, "changed": true, "perfid": "776", "id": "21132-3-2"}, "local-776-80854": {"orderid": "local", "status": "collected", "type": "776-0", "price": 17, "changed": true, "perfid": 776, "id": "local-776-80854"}, "21184-0-0": {"orderid": 21184, "status": "collected", "type": "776-0", "price": 17, "changed": true, "perfid": "776", "id": "21184-0-0"}}